Session,Started,Completed
"Flow",2025-08-26 14:20:50,2025-08-26 14:45:49
"Flow",2025-08-26 13:33:58,2025-08-26 14:01:02
"Flow",2025-08-26 13:08:50,2025-08-26 13:33:49
"Flow",2025-08-26 12:43:45,2025-08-26 13:08:44
"Flow",2025-08-25 23:47:42,2025-08-26 00:12:41
"Flow",2025-08-25 17:14:21,2025-08-25 23:47:40
"Flow",2025-08-25 16:49:19,2025-08-25 17:14:19
"Flow",2025-08-25 15:20:21,2025-08-25 16:35:32
"Flow",2025-08-25 14:55:20,2025-08-25 15:20:19
"Flow",2025-08-25 13:31:42,2025-08-25 14:55:18
"Flow",2025-08-25 13:06:41,2025-08-25 13:31:40
"Flow",2025-08-25 12:41:40,2025-08-25 13:06:39
"Flow",2025-08-21 13:09:37,2025-08-21 13:11:23
"Flow",2025-08-21 12:44:36,2025-08-21 13:09:36
"Flow",2025-08-21 11:50:19,2025-08-21 12:44:35
"Flow",2025-08-21 11:25:19,2025-08-21 11:50:18
"Flow",2025-08-20 17:47:24,2025-08-20 18:39:21
"Flow",2025-08-20 17:21:25,2025-08-20 17:47:23
"Flow",2025-08-20 16:56:24,2025-08-20 17:21:24
"Flow",2025-08-20 16:24:47,2025-08-20 16:56:23
"Flow",2025-08-20 15:59:46,2025-08-20 16:24:46
"Flow",2025-08-20 15:34:45,2025-08-20 15:59:45
"Flow",2025-08-20 15:09:44,2025-08-20 15:34:44
"Flow",2025-08-20 14:22:08,2025-08-20 14:47:07
"Flow",2025-08-20 12:27:10,2025-08-20 14:07:43
"Flow",2025-08-20 11:44:02,2025-08-20 12:09:02
"Flow",2025-08-20 11:19:02,2025-08-20 11:44:01
"Flow",2025-08-20 10:54:01,2025-08-20 11:19:00
"Flow",2025-08-20 01:48:48,2025-08-20 02:13:47
"Flow",2025-08-20 00:36:00,2025-08-20 01:37:51
"Flow",2025-08-19 22:56:58,2025-08-20 00:35:59
"Flow",2025-08-19 22:31:51,2025-08-19 22:56:50
"Flow",2025-08-19 21:40:33,2025-08-19 22:05:32
"Flow",2025-08-19 16:32:05,2025-08-19 21:40:31
"Flow",2025-08-19 15:54:10,2025-08-19 16:32:04
"Flow",2025-08-19 15:29:09,2025-08-19 15:54:08
"Flow",2025-08-19 15:04:07,2025-08-19 15:29:06
"Flow",2025-08-19 14:39:05,2025-08-19 15:04:05
"Flow",2025-08-19 13:43:00,2025-08-19 14:39:04
"Flow",2025-08-19 13:10:54,2025-08-19 13:42:58
"Flow",2025-08-19 12:45:52,2025-08-19 13:10:52
"Flow",2025-08-19 12:04:35,2025-08-19 12:45:51
"Flow",2025-08-19 11:26:46,2025-08-19 11:51:46
"Flow",2025-08-19 11:01:46,2025-08-19 11:26:45
"Flow",2025-08-19 10:36:45,2025-08-19 11:01:44
"Flow",2025-08-18 19:07:36,2025-08-18 19:34:39
"Flow",2025-08-18 18:42:34,2025-08-18 19:07:33
"Flow",2025-08-18 18:16:33,2025-08-18 18:41:32
"Flow",2025-08-18 14:41:21,2025-08-18 18:16:31
"Flow",2025-08-18 13:00:33,2025-08-18 13:31:21
"Flow",2025-08-17 23:59:34,2025-08-18 00:06:31
"Flow",2025-08-17 23:34:33,2025-08-17 23:59:32
"Flow",2025-08-15 17:54:01,2025-08-15 18:19:00
"Flow",2025-08-15 17:01:30,2025-08-15 17:26:30
"Flow",2025-08-15 14:48:57,2025-08-15 17:01:29
"Flow",2025-08-15 14:23:56,2025-08-15 14:48:55
"Flow",2025-08-15 13:22:00,2025-08-15 14:23:54
"Flow",2025-08-15 12:37:01,2025-08-15 13:02:00
"Flow",2025-08-15 12:11:59,2025-08-15 12:36:59
"Flow",2025-08-15 11:46:59,2025-08-15 12:11:58
"Flow",2025-08-14 16:32:12,2025-08-14 22:13:34
"Flow",2025-08-14 16:07:11,2025-08-14 16:32:11
"Flow",2025-08-14 15:40:41,2025-08-14 16:07:10
"Flow",2025-08-14 13:25:01,2025-08-14 13:57:17
"Flow",2025-08-14 12:53:31,2025-08-14 13:25:00
"Flow",2025-08-14 12:28:29,2025-08-14 12:53:29
"Flow",2025-08-14 12:03:28,2025-08-14 12:28:28
"Flow",2025-08-14 11:38:27,2025-08-14 12:03:27
"Flow",2025-08-14 11:13:26,2025-08-14 11:38:26
"Flow",2025-08-13 18:10:41,2025-08-13 18:50:16
"Flow",2025-08-13 17:45:40,2025-08-13 18:10:40
"Flow",2025-08-13 17:20:39,2025-08-13 17:45:39
"Flow",2025-08-13 16:55:38,2025-08-13 17:20:38
"Flow",2025-08-13 16:30:37,2025-08-13 16:55:37
"Flow",2025-08-13 15:15:51,2025-08-13 16:30:36
"Flow",2025-08-13 14:50:50,2025-08-13 15:15:50
"Flow",2025-08-13 14:25:49,2025-08-13 14:50:49
"Flow",2025-08-13 14:00:49,2025-08-13 14:25:48
"Flow",2025-08-13 13:35:47,2025-08-13 14:00:47
"Flow",2025-08-12 18:22:28,2025-08-12 18:29:33
"Flow",2025-08-12 17:44:51,2025-08-12 18:22:27
"Flow",2025-08-12 17:19:50,2025-08-12 17:44:50
"Flow",2025-08-12 16:54:48,2025-08-12 17:19:48
"Flow",2025-08-12 16:06:41,2025-08-12 16:54:47
"Flow",2025-08-12 15:39:54,2025-08-12 16:06:04
"Flow",2025-08-12 15:14:53,2025-08-12 15:39:53
"Flow",2025-08-12 14:49:52,2025-08-12 15:14:52
"Flow",2025-08-12 14:24:51,2025-08-12 14:49:51
"Flow",2025-08-11 21:47:22,2025-08-11 22:12:22
"Flow",2025-08-11 21:22:21,2025-08-11 21:47:21
"Flow",2025-08-11 20:57:20,2025-08-11 21:22:20
"Flow",2025-08-11 20:32:19,2025-08-11 20:57:19
"Flow",2025-08-11 20:07:18,2025-08-11 20:32:18
"Flow",2025-08-11 18:11:17,2025-08-11 20:07:17
"Flow",2025-08-11 17:43:17,2025-08-11 18:11:15
"Flow",2025-08-11 17:18:15,2025-08-11 17:43:15
"Flow",2025-08-11 16:53:14,2025-08-11 17:18:14
"Flow",2025-08-11 16:28:14,2025-08-11 16:53:13
"Flow",2025-08-11 15:34:31,2025-08-11 15:59:30
"Flow",2025-08-11 15:09:29,2025-08-11 15:34:29
"Flow",2025-08-11 14:44:28,2025-08-11 15:09:28
"Flow",2025-08-11 13:18:34,2025-08-11 14:44:27
"Flow",2025-08-11 12:53:34,2025-08-11 13:18:33
"Flow",2025-08-11 12:28:33,2025-08-11 12:53:32
"Flow",2025-08-08 18:30:29,2025-08-08 18:55:29
"Flow",2025-08-08 18:05:28,2025-08-08 18:30:28
"Flow",2025-08-08 17:40:27,2025-08-08 18:05:27
"Flow",2025-08-08 16:36:50,2025-08-08 17:01:50
"Flow",2025-08-08 15:55:15,2025-08-08 16:20:15
"Flow",2025-08-08 15:30:14,2025-08-08 15:55:14
"Flow",2025-08-08 15:05:13,2025-08-08 15:30:13
"Flow",2025-08-08 14:40:13,2025-08-08 15:05:12
"Flow",2025-08-08 14:14:51,2025-08-08 14:39:51
"Flow",2025-08-08 13:49:50,2025-08-08 14:14:50
"Flow",2025-08-08 13:10:50,2025-08-08 13:35:50
"Flow",2025-08-08 12:28:22,2025-08-08 13:10:49
"Flow",2025-08-08 12:03:10,2025-08-08 12:28:21
"Flow",2025-08-07 17:48:23,2025-08-07 18:36:46
"Flow",2025-08-07 17:23:23,2025-08-07 17:48:22
"Flow",2025-08-07 16:58:22,2025-08-07 17:23:21
"Flow",2025-08-07 16:33:20,2025-08-07 16:58:19
"Flow",2025-08-07 16:08:19,2025-08-07 16:33:18
"Flow",2025-08-07 15:02:41,2025-08-07 16:08:17
"Flow",2025-08-07 13:24:57,2025-08-07 13:49:56
"Flow",2025-08-07 12:59:56,2025-08-07 13:24:56
"Flow",2025-08-07 12:34:55,2025-08-07 12:59:55
"Flow",2025-08-06 18:01:23,2025-08-06 18:12:36
"Flow",2025-08-06 17:36:22,2025-08-06 18:01:21
"Flow",2025-08-06 15:43:33,2025-08-06 16:17:09
"Flow",2025-08-06 15:18:32,2025-08-06 15:43:31
"Flow",2025-08-06 14:53:31,2025-08-06 15:18:30
"Flow",2025-08-06 11:49:15,2025-08-06 14:53:29
"Flow",2025-08-06 11:24:14,2025-08-06 11:49:13
"Flow",2025-08-06 10:59:13,2025-08-06 11:24:12
"Flow",2025-08-05 17:32:50,2025-08-05 17:56:23
"Flow",2025-08-05 16:19:07,2025-08-05 17:32:49
"Flow",2025-08-05 15:54:07,2025-08-05 16:19:06
"Flow",2025-08-05 15:29:05,2025-08-05 15:54:05
"Flow",2025-08-05 15:04:04,2025-08-05 15:29:04
"Flow",2025-08-05 14:39:02,2025-08-05 15:04:02
"Flow",2025-08-05 14:14:01,2025-08-05 14:39:01
"Flow",2025-08-05 13:48:20,2025-08-05 14:14:00
"Flow",2025-08-01 12:20:13,2025-08-01 12:45:12
"Flow",2025-08-01 11:55:11,2025-08-01 12:20:10
"Flow",2025-08-01 11:30:10,2025-08-01 11:55:09
"Flow",2025-07-31 14:15:19,2025-07-31 14:54:12
"Flow",2025-07-31 13:50:19,2025-07-31 14:15:18
"Flow",2025-07-30 16:45:41,2025-07-30 17:10:41
"Flow",2025-07-30 14:53:10,2025-07-30 16:45:40
"Flow",2025-07-30 14:28:09,2025-07-30 14:53:09
"Flow",2025-07-28 18:06:50,2025-07-28 19:46:05
"Flow",2025-07-28 17:39:41,2025-07-28 18:06:48
"Flow",2025-07-28 11:33:09,2025-07-28 12:06:34
"Flow",2025-07-25 14:48:30,2025-07-25 15:22:02
"Flow",2025-07-25 14:23:30,2025-07-25 14:48:29
"Flow",2025-07-23 18:32:49,2025-07-23 18:57:48
"Flow",2025-07-23 17:16:03,2025-07-23 18:05:39
"Flow",2025-07-23 14:43:22,2025-07-23 16:29:55
"Flow",2025-07-23 13:55:47,2025-07-23 14:43:20
"Flow",2025-07-23 13:30:47,2025-07-23 13:55:46
"Flow",2025-07-23 13:05:45,2025-07-23 13:30:45
"Flow",2025-07-23 12:40:44,2025-07-23 13:05:44
"Flow",2025-07-22 17:02:15,2025-07-22 19:30:31
"Flow",2025-07-22 16:27:54,2025-07-22 17:02:14
"Flow",2025-07-22 15:22:32,2025-07-22 15:47:32
"Flow",2025-07-22 14:57:31,2025-07-22 15:22:31
"Flow",2025-07-22 14:32:30,2025-07-22 14:57:30
"Flow",2025-07-22 13:55:36,2025-07-22 14:32:29
"Flow",2025-07-22 12:37:39,2025-07-22 13:55:34
"Flow",2025-07-22 12:12:38,2025-07-22 12:37:37
"Flow",2025-07-18 17:26:38,2025-07-18 17:51:38
"Flow",2025-07-18 15:05:47,2025-07-18 17:26:37
"Flow",2025-07-18 14:29:11,2025-07-18 15:05:46
"Flow",2025-07-18 14:04:10,2025-07-18 14:29:09
"Flow",2025-07-18 13:24:41,2025-07-18 13:55:34
"Flow",2025-07-18 12:59:39,2025-07-18 13:24:39
"Flow",2025-07-18 12:34:38,2025-07-18 12:59:38
"Flow",2025-07-18 11:10:10,2025-07-18 11:35:09
"Flow",2025-07-18 10:43:13,2025-07-18 11:10:08
"Flow",2025-07-18 10:18:12,2025-07-18 10:43:11
"Flow",2025-07-17 11:51:28,2025-07-17 12:16:27
"Flow",2025-07-17 11:25:15,2025-07-17 11:51:27
"Flow",2025-07-17 10:43:43,2025-07-17 11:25:13
"Flow",2025-07-17 10:18:39,2025-07-17 10:43:41
"Flow",2025-07-17 09:53:37,2025-07-17 10:18:36
"Flow",2025-07-17 09:28:36,2025-07-17 09:53:35
"Flow",2025-07-16 16:11:44,2025-07-16 16:43:32
"Flow",2025-07-16 15:17:10,2025-07-16 16:11:42
"Flow",2025-07-16 14:52:09,2025-07-16 15:17:08
"Flow",2025-07-16 14:09:35,2025-07-16 14:34:34
"Flow",2025-07-16 13:44:34,2025-07-16 14:09:33
"Flow",2025-07-16 12:55:14,2025-07-16 13:44:32
"Flow",2025-07-16 12:30:13,2025-07-16 12:55:12
"Flow",2025-07-15 20:26:38,2025-07-15 20:29:27
"Flow",2025-07-15 19:41:37,2025-07-15 20:26:36
"Flow",2025-07-15 19:16:36,2025-07-15 19:41:35
"Flow",2025-07-15 16:45:00,2025-07-15 19:16:34
"Flow",2025-07-15 14:16:20,2025-07-15 16:44:58
"Flow",2025-07-15 13:16:46,2025-07-15 14:16:19
"Flow",2025-07-15 12:51:45,2025-07-15 13:16:44
"Flow",2025-07-15 12:26:44,2025-07-15 12:51:43
"Flow",2025-07-15 12:01:43,2025-07-15 12:26:42
"Flow",2025-07-11 17:32:14,2025-07-11 18:17:20
"Flow",2025-07-11 17:07:13,2025-07-11 17:32:12
"Flow",2025-07-11 16:42:10,2025-07-11 17:07:10
"Flow",2025-07-11 15:06:50,2025-07-11 16:15:32
"Flow",2025-07-07 12:38:05,2025-07-07 15:40:49
"Flow",2025-07-07 11:29:05,2025-07-07 11:54:05
"Flow",2025-07-07 11:02:32,2025-07-07 11:29:04
"Flow",2025-07-03 17:43:39,2025-07-03 18:10:08
"Flow",2025-07-03 17:13:37,2025-07-03 17:43:37
"Flow",2025-07-02 12:04:25,2025-07-02 13:04:56
"Flow",2025-06-30 13:08:21,2025-06-30 13:10:30
"Flow",2025-06-30 12:07:13,2025-06-30 12:32:12
"Flow",2025-06-27 16:26:28,2025-06-27 17:04:01
"Flow",2025-06-27 16:01:26,2025-06-27 16:26:26
"Flow",2025-06-27 15:36:24,2025-06-27 16:01:24
"Flow",2025-06-27 14:16:15,2025-06-27 15:36:23
"Flow",2025-06-27 13:51:14,2025-06-27 14:16:14
"Flow",2025-06-26 18:14:45,2025-06-26 18:23:28
"Flow",2025-06-26 17:48:36,2025-06-26 18:14:44
"Flow",2025-06-26 16:35:37,2025-06-26 17:48:34
"Flow",2025-06-26 16:10:36,2025-06-26 16:35:36
"Flow",2025-06-26 15:45:35,2025-06-26 16:10:35
"Flow",2025-06-26 14:28:45,2025-06-26 15:45:34
"Flow",2025-06-26 14:03:44,2025-06-26 14:28:43
"Flow",2025-06-26 13:37:28,2025-06-26 14:03:42
"Flow",2025-06-26 13:12:27,2025-06-26 13:37:26
"Flow",2025-06-25 17:32:47,2025-06-25 18:34:28
"Flow",2025-06-24 17:43:25,2025-06-24 18:01:57
"Flow",2025-06-24 17:18:24,2025-06-24 17:43:23
"Flow",2025-06-24 16:53:22,2025-06-24 17:18:21
"Flow",2025-06-24 16:28:21,2025-06-24 16:53:20
"Flow",2025-06-24 16:03:19,2025-06-24 16:28:19
"Flow",2025-06-24 14:38:28,2025-06-24 16:03:18
"Flow",2025-06-24 14:13:28,2025-06-24 14:38:27
"Flow",2025-06-24 13:48:26,2025-06-24 14:13:26
"Flow",2025-06-24 13:23:26,2025-06-24 13:48:25
"Flow",2025-06-24 12:58:25,2025-06-24 13:23:24
"Flow",2025-06-23 16:30:10,2025-06-23 16:41:51
"Flow",2025-06-20 14:59:30,2025-06-20 15:24:44
"Flow",2025-06-19 15:16:54,2025-06-19 15:41:56
"Flow",2025-06-19 14:51:52,2025-06-19 15:16:51
"Flow",2025-06-19 14:26:51,2025-06-19 14:51:51
"Flow",2025-06-18 17:13:11,2025-06-18 17:57:58
"Flow",2025-06-18 14:51:18,2025-06-18 17:13:10
"Flow",2025-06-18 14:26:17,2025-06-18 14:51:16
"Flow",2025-06-18 13:44:24,2025-06-18 14:26:15
"Flow",2025-06-18 13:09:26,2025-06-18 13:44:23
"Flow",2025-06-18 12:44:25,2025-06-18 13:09:25
"Flow",2025-06-17 17:36:14,2025-06-17 17:48:41
"Flow",2025-06-17 15:39:16,2025-06-17 16:08:25
"Flow",2025-06-17 14:28:44,2025-06-17 15:39:14
"Flow",2025-06-17 12:51:51,2025-06-17 14:28:42
"Flow",2025-06-16 17:30:43,2025-06-16 17:55:42
"Flow",2025-06-16 16:59:36,2025-06-16 17:30:41
"Flow",2025-06-16 14:03:21,2025-06-16 16:59:34
"Flow",2025-06-16 13:13:40,2025-06-16 14:03:20
"Flow",2025-06-16 12:23:58,2025-06-16 13:13:38
"Flow",2025-06-15 18:22:48,2025-06-16 12:23:56
"Flow",2025-06-15 17:57:47,2025-06-15 18:22:47
"Flow",2025-06-15 17:32:47,2025-06-15 17:57:46
"Flow",2025-06-13 14:51:27,2025-06-13 15:19:37
"Flow",2025-06-13 14:24:06,2025-06-13 14:51:26
"Flow",2025-06-11 12:24:16,2025-06-11 15:10:21
"Flow",2025-06-11 10:44:38,2025-06-11 12:24:14
"Flow",2025-06-10 15:46:12,2025-06-10 15:49:24
"Flow",2025-06-10 10:53:31,2025-06-10 11:18:30
"Flow",2025-06-09 21:24:03,2025-06-09 22:03:53
"Flow",2025-06-09 20:27:07,2025-06-09 21:23:27
"Flow",2025-06-09 20:02:06,2025-06-09 20:27:05
"Flow",2025-06-09 18:43:44,2025-06-09 20:02:04
"Flow",2025-06-09 18:18:42,2025-06-09 18:43:41
"Flow",2025-06-09 17:53:32,2025-06-09 18:18:40
"Flow",2025-06-09 17:28:31,2025-06-09 17:53:30
"Flow",2025-06-09 16:21:54,2025-06-09 17:28:28
"Flow",2025-06-09 15:25:24,2025-06-09 16:21:51
"Flow",2025-06-09 12:04:41,2025-06-09 15:25:22
"Flow",2025-06-06 13:06:52,2025-06-06 19:13:43
"Flow",2025-06-06 12:31:14,2025-06-06 12:45:37
"Flow",2025-06-05 14:55:56,2025-06-06 12:31:12
"Flow",2025-06-05 14:06:07,2025-06-05 14:55:52
"Flow",2025-06-05 13:41:06,2025-06-05 14:06:05
"Flow",2025-06-05 13:16:05,2025-06-05 13:41:04
"Flow",2025-06-05 12:28:16,2025-06-05 13:16:03
"Flow",2025-06-05 11:58:53,2025-06-05 12:28:14
"Flow",2025-06-05 11:33:52,2025-06-05 11:58:51
"Flow",2025-06-05 11:08:51,2025-06-05 11:33:50
"Flow",2025-06-05 10:43:49,2025-06-05 11:08:49
"Flow",2025-06-05 03:07:50,2025-06-05 04:12:26
"Flow",2025-06-05 02:21:26,2025-06-05 03:00:22
"Flow",2025-06-05 01:50:03,2025-06-05 02:17:23
"Flow",2025-06-05 01:25:02,2025-06-05 01:50:02
"Flow",2025-06-05 00:50:29,2025-06-05 01:25:00
"Flow",2025-06-05 00:10:08,2025-06-05 00:35:07
"Flow",2025-06-04 17:57:04,2025-06-04 18:22:04
"Flow",2025-06-04 17:31:43,2025-06-04 17:57:00
"Flow",2025-06-04 17:02:17,2025-06-04 17:31:41
"Flow",2025-06-03 16:01:49,2025-06-03 17:17:53
"Flow",2025-06-03 14:12:01,2025-06-03 15:26:06
"Flow",2025-06-03 13:36:00,2025-06-03 14:01:00
"Flow",2025-06-03 12:52:18,2025-06-03 13:27:48
"Flow",2025-06-03 12:27:18,2025-06-03 12:52:17
"Flow",2025-06-02 16:52:30,2025-06-02 17:17:32
"Flow",2025-06-02 16:27:29,2025-06-02 16:52:28
"Flow",2025-05-30 15:44:24,2025-05-30 17:58:10
"Flow",2025-05-30 15:19:23,2025-05-30 15:44:23
"Flow",2025-05-30 14:54:22,2025-05-30 15:19:22
"Flow",2025-05-30 14:10:44,2025-05-30 14:47:46
"Flow",2025-05-30 13:43:47,2025-05-30 14:10:43
"Flow",2025-05-30 13:18:25,2025-05-30 13:43:46
"Flow",2025-05-29 16:13:06,2025-05-29 16:33:17
"Flow",2025-05-29 15:44:12,2025-05-29 16:09:11
"Flow",2025-05-29 15:18:42,2025-05-29 15:44:10
"Flow",2025-05-29 14:06:35,2025-05-29 14:31:34
"Flow",2025-05-29 13:41:34,2025-05-29 14:06:33
"Flow",2025-05-28 16:32:16,2025-05-28 16:34:21
"Flow",2025-05-28 15:50:06,2025-05-28 16:32:14
"Flow",2025-05-28 15:15:48,2025-05-28 15:50:04
"Flow",2025-05-28 14:03:44,2025-05-28 15:15:46
"Flow",2025-05-27 15:53:25,2025-05-27 18:28:56
"Flow",2025-05-27 14:59:09,2025-05-27 15:53:17
"Flow",2025-05-27 14:34:08,2025-05-27 14:59:08
"Flow",2025-05-27 13:54:15,2025-05-27 14:34:07
"Flow",2025-05-26 17:21:25,2025-05-26 17:23:29
"Flow",2025-05-26 16:56:24,2025-05-26 17:21:23
"Flow",2025-05-26 16:31:23,2025-05-26 16:56:22
"Flow",2025-05-26 13:17:54,2025-05-26 16:31:21
"Flow",2025-05-26 12:14:51,2025-05-26 13:17:52
"Flow",2025-05-23 14:34:52,2025-05-23 15:35:25
"Flow",2025-05-23 14:09:51,2025-05-23 14:34:51
"Flow",2025-05-23 13:44:49,2025-05-23 14:09:49
"Flow",2025-05-23 13:19:48,2025-05-23 13:44:48
"Flow",2025-05-23 12:54:47,2025-05-23 13:19:47
"Flow",2025-05-23 12:13:25,2025-05-23 12:54:46
"Flow",2025-05-22 18:49:41,2025-05-22 18:50:49
"Flow",2025-05-22 18:24:40,2025-05-22 18:49:39
"Flow",2025-05-22 16:15:58,2025-05-22 18:24:12
"Flow",2025-05-22 13:46:45,2025-05-22 16:15:56
"Flow",2025-05-22 12:35:05,2025-05-22 13:46:43
"Flow",2025-05-22 11:08:08,2025-05-22 12:35:03
"Flow",2025-05-22 10:43:06,2025-05-22 11:08:05
"Flow",2025-05-20 23:37:27,2025-05-20 23:43:18
"Flow",2025-05-20 22:58:04,2025-05-20 23:37:26
"Flow",2025-05-20 22:33:03,2025-05-20 22:58:02
"Flow",2025-05-20 22:08:02,2025-05-20 22:33:01
"Flow",2025-05-20 20:33:43,2025-05-20 22:08:00
"Flow",2025-05-20 20:08:42,2025-05-20 20:33:41
"Flow",2025-05-20 18:52:26,2025-05-20 20:08:40
"Flow",2025-05-20 18:27:25,2025-05-20 18:52:24
"Flow",2025-05-20 17:56:14,2025-05-20 18:27:23
"Flow",2025-05-20 17:31:13,2025-05-20 17:56:12
"Flow",2025-05-20 16:46:39,2025-05-20 17:31:11
"Flow",2025-05-20 16:20:59,2025-05-20 16:46:37
"Flow",2025-05-20 15:55:58,2025-05-20 16:20:57
"Flow",2025-05-20 15:27:36,2025-05-20 15:55:56
"Flow",2025-05-20 12:33:00,2025-05-20 12:58:00
"Flow",2025-05-20 11:46:36,2025-05-20 12:32:59
"Flow",2025-05-20 11:21:36,2025-05-20 11:46:35
"Flow",2025-05-16 19:02:54,2025-05-17 00:14:35
"Flow",2025-05-16 18:22:12,2025-05-16 18:59:44
"Flow",2025-05-16 14:56:53,2025-05-16 18:22:11
"Flow",2025-05-16 13:24:54,2025-05-16 14:56:52
"Flow",2025-05-16 12:37:14,2025-05-16 13:21:09
"Flow",2025-05-16 12:12:13,2025-05-16 12:37:12
"Flow",2025-05-15 16:14:30,2025-05-15 16:19:41
"Flow",2025-05-15 15:22:01,2025-05-15 15:52:57
"Flow",2025-05-15 14:51:12,2025-05-15 15:18:58
"Flow",2025-05-15 14:26:11,2025-05-15 14:51:11
"Flow",2025-05-15 13:37:34,2025-05-15 14:02:50
"Flow",2025-05-15 13:10:56,2025-05-15 13:37:33
"Flow",2025-05-14 17:02:12,2025-05-14 17:30:30
"Flow",2025-05-14 16:37:10,2025-05-14 17:02:10
"Flow",2025-05-14 15:36:33,2025-05-14 16:37:09
"Flow",2025-05-14 15:11:32,2025-05-14 15:36:32
"Flow",2025-05-14 14:34:30,2025-05-14 15:11:31
"Flow",2025-05-14 13:52:00,2025-05-14 14:34:29
"Flow",2025-05-14 13:22:01,2025-05-14 13:51:58
"Flow",2025-05-14 12:56:23,2025-05-14 13:21:59
"Flow",2025-05-13 16:45:22,2025-05-13 17:10:22
"Flow",2025-05-13 12:47:14,2025-05-13 16:45:21
"Flow",2025-05-13 11:33:26,2025-05-13 12:32:57
"Flow",2025-05-13 11:08:25,2025-05-13 11:33:25
"Flow",2025-05-12 19:03:55,2025-05-12 19:21:19
"Flow",2025-05-12 18:38:54,2025-05-12 19:03:53
"Flow",2025-05-12 18:13:53,2025-05-12 18:38:52
"Flow",2025-05-12 17:48:52,2025-05-12 18:13:51
"Flow",2025-05-12 16:57:43,2025-05-12 17:48:50
"Flow",2025-05-12 16:26:13,2025-05-12 16:57:41
"Flow",2025-05-12 15:37:55,2025-05-12 16:26:11
"Flow",2025-05-12 15:12:54,2025-05-12 15:37:53
"Flow",2025-05-12 12:49:21,2025-05-12 13:14:20
"Flow",2025-05-09 13:45:18,2025-05-09 17:20:14
"Flow",2025-05-08 15:54:41,2025-05-08 16:29:53
"Flow",2025-05-08 14:57:17,2025-05-08 15:54:40
"Flow",2025-05-08 13:46:34,2025-05-08 14:57:16
"Flow",2025-05-08 13:21:33,2025-05-08 13:46:33
"Flow",2025-05-07 17:13:03,2025-05-07 17:39:14
"Flow",2025-05-07 16:48:02,2025-05-07 17:13:01
"Flow",2025-05-07 16:23:01,2025-05-07 16:48:00
"Flow",2025-05-07 15:58:00,2025-05-07 16:22:59
"Flow",2025-05-07 14:16:07,2025-05-07 15:57:58
"Flow",2025-05-07 13:51:06,2025-05-07 14:16:06
"Flow",2025-05-07 13:04:09,2025-05-07 13:51:04
"Flow",2025-05-07 12:22:19,2025-05-07 13:04:07
"Flow",2025-05-06 18:05:41,2025-05-06 18:30:41
"Flow",2025-05-06 17:40:41,2025-05-06 18:05:40
"Flow",2025-05-06 17:08:13,2025-05-06 17:40:39
"Flow",2025-05-06 16:43:03,2025-05-06 17:08:12
"Flow",2025-05-06 14:59:46,2025-05-06 16:43:02
"Flow",2025-05-06 14:18:42,2025-05-06 14:43:42
"Flow",2025-05-06 13:48:31,2025-05-06 14:18:41
"Flow",2025-05-06 13:11:50,2025-05-06 13:48:29
"Flow",2025-04-30 18:16:57,2025-04-30 18:41:56
"Flow",2025-04-30 17:51:37,2025-04-30 18:16:55
"Flow",2025-04-30 17:26:35,2025-04-30 17:51:35
"Flow",2025-04-30 16:53:28,2025-04-30 17:26:34
"Flow",2025-04-30 16:06:22,2025-04-30 16:53:26
"Flow",2025-04-30 15:14:10,2025-04-30 16:03:16
"Flow",2025-04-30 14:49:09,2025-04-30 15:14:08
"Flow",2025-04-30 14:24:08,2025-04-30 14:49:07
"Flow",2025-04-30 13:54:21,2025-04-30 14:24:06
"Flow",2025-04-30 13:29:20,2025-04-30 13:54:19
"Flow",2025-04-30 13:04:19,2025-04-30 13:29:18
"Flow",2025-04-30 12:16:47,2025-04-30 12:41:46
"Flow",2025-04-29 17:40:11,2025-04-29 18:18:49
"Flow",2025-04-29 17:15:00,2025-04-29 17:40:09
"Flow",2025-04-29 16:49:58,2025-04-29 17:14:58
"Flow",2025-04-29 16:08:10,2025-04-29 16:49:56
"Flow",2025-04-29 15:43:09,2025-04-29 16:08:09
"Flow",2025-04-29 15:17:43,2025-04-29 15:43:07
"Flow",2025-04-28 16:51:11,2025-04-28 17:15:20
"Flow",2025-04-28 16:26:09,2025-04-28 16:51:09
"Flow",2025-04-28 15:46:36,2025-04-28 16:26:07
"Flow",2025-04-28 15:09:19,2025-04-28 15:46:34
"Flow",2025-04-28 14:40:23,2025-04-28 15:09:17
"Flow",2025-04-28 13:49:13,2025-04-28 14:27:57
"Flow",2025-04-25 15:25:15,2025-04-25 15:30:22
"Flow",2025-04-25 15:00:14,2025-04-25 15:25:13
"Flow",2025-04-25 14:35:12,2025-04-25 15:00:12
"Flow",2025-04-25 13:55:44,2025-04-25 14:35:10
"Flow",2025-04-25 13:14:27,2025-04-25 13:55:42
"Flow",2025-04-25 12:49:25,2025-04-25 13:14:25
"Flow",2025-04-25 12:11:28,2025-04-25 12:49:23
"Flow",2025-04-25 11:46:26,2025-04-25 12:11:26
"Flow",2025-04-25 11:21:26,2025-04-25 11:46:25
"Flow",2025-04-24 16:19:20,2025-04-24 16:54:14
"Flow",2025-04-24 15:37:01,2025-04-24 16:19:18
"Flow",2025-04-24 15:11:58,2025-04-24 15:36:58
"Flow",2025-04-24 14:41:42,2025-04-24 15:11:57
"Flow",2025-04-24 14:16:41,2025-04-24 14:41:40
"Flow",2025-04-24 12:06:15,2025-04-24 14:15:16
"Flow",2025-04-23 18:22:05,2025-04-23 18:24:28
"Flow",2025-04-23 17:57:04,2025-04-23 18:22:03
"Flow",2025-04-23 12:27:36,2025-04-23 12:52:36
"Flow",2025-04-23 12:02:35,2025-04-23 12:27:34
"Flow",2025-04-23 11:30:28,2025-04-23 12:02:33
"Flow",2025-04-23 11:05:26,2025-04-23 11:30:26
"Flow",2025-04-22 20:17:39,2025-04-22 20:42:38
"Flow",2025-04-22 19:05:48,2025-04-22 20:17:36
"Flow",2025-04-22 18:40:48,2025-04-22 19:05:47
"Flow",2025-04-22 18:15:47,2025-04-22 18:40:46
"Flow",2025-04-22 17:41:02,2025-04-22 18:15:45
"Flow",2025-04-22 16:16:21,2025-04-22 17:41:00
"Flow",2025-04-22 15:51:20,2025-04-22 16:16:19
"Flow",2025-04-22 15:26:18,2025-04-22 15:51:18
"Flow",2025-04-22 12:44:50,2025-04-22 14:58:03
"Flow",2025-04-22 01:28:42,2025-04-22 01:41:45
"Flow",2025-04-22 01:03:41,2025-04-22 01:28:40
"Flow",2025-04-22 00:38:39,2025-04-22 01:03:38
"Flow",2025-04-22 00:13:37,2025-04-22 00:38:36
"Flow",2025-04-21 18:59:22,2025-04-21 23:02:45
"Flow",2025-04-21 18:34:20,2025-04-21 18:59:20
"Flow",2025-04-21 18:09:19,2025-04-21 18:34:18
"Flow",2025-04-21 17:41:16,2025-04-21 18:09:17
"Flow",2025-04-21 16:59:24,2025-04-21 17:24:31
"Flow",2025-04-21 15:19:24,2025-04-21 16:59:22
"Flow",2025-04-21 13:45:48,2025-04-21 14:40:54
"Flow",2025-04-17 17:07:09,2025-04-17 17:32:08
"Flow",2025-04-17 16:12:38,2025-04-17 17:07:06
"Flow",2025-04-17 15:40:29,2025-04-17 16:12:32
"Flow",2025-04-17 15:15:27,2025-04-17 15:40:26
"Flow",2025-04-17 14:50:25,2025-04-17 15:15:24
"Flow",2025-04-17 14:25:24,2025-04-17 14:50:23
"Flow",2025-04-17 13:56:53,2025-04-17 14:25:22
"Flow",2025-04-16 15:58:14,2025-04-16 16:36:21
"Flow",2025-04-16 15:33:12,2025-04-16 15:58:11
"Flow",2025-04-16 14:29:57,2025-04-16 15:33:10
"Flow",2025-04-16 13:32:14,2025-04-16 14:14:32
"Flow",2025-04-16 13:00:34,2025-04-16 13:32:10
"Flow",2025-04-16 12:30:08,2025-04-16 13:00:32
"Flow",2025-04-15 20:10:37,2025-04-15 20:35:36
"Flow",2025-04-15 19:45:36,2025-04-15 20:10:35
"Flow",2025-04-15 19:20:35,2025-04-15 19:45:34
"Flow",2025-04-15 17:56:04,2025-04-15 19:20:32
"Flow",2025-04-15 17:22:40,2025-04-15 17:56:02
"Flow",2025-04-15 16:57:39,2025-04-15 17:22:38
"Flow",2025-04-15 16:32:37,2025-04-15 16:57:37
"Flow",2025-04-15 11:37:19,2025-04-15 16:32:34
"Flow",2025-04-14 15:50:14,2025-04-14 15:58:50
"Flow",2025-04-14 15:14:35,2025-04-14 15:39:35
"Flow",2025-04-14 14:49:34,2025-04-14 15:14:33
"Flow",2025-04-14 14:24:33,2025-04-14 14:49:33
"Flow",2025-04-14 13:25:50,2025-04-14 14:24:29
"Flow",2025-04-14 12:10:54,2025-04-14 13:25:49
"Flow",2025-04-11 13:56:31,2025-04-11 15:09:21
"Flow",2025-04-11 13:24:22,2025-04-11 13:56:29
"Flow",2025-04-11 12:59:20,2025-04-11 13:24:20
"Flow",2025-04-10 17:48:51,2025-04-10 18:13:50
"Flow",2025-04-10 17:07:15,2025-04-10 17:32:14
"Flow",2025-04-10 16:01:23,2025-04-10 17:07:13
"Flow",2025-04-10 15:36:21,2025-04-10 16:01:20
"Flow",2025-04-10 15:01:45,2025-04-10 15:26:44
"Flow",2025-04-10 14:32:21,2025-04-10 14:57:20
"Flow",2025-04-09 18:37:45,2025-04-09 19:07:11
"Flow",2025-04-09 18:07:00,2025-04-09 18:37:20
"Flow",2025-04-09 17:41:58,2025-04-09 18:06:58
"Flow",2025-04-09 17:10:30,2025-04-09 17:35:29
"Flow",2025-04-09 13:55:07,2025-04-09 17:10:27
"Flow",2025-04-09 12:45:29,2025-04-09 13:14:58
"Flow",2025-04-08 16:21:23,2025-04-08 16:28:46
"Flow",2025-04-08 15:56:22,2025-04-08 16:21:22
"Flow",2025-04-08 15:31:21,2025-04-08 15:56:20
"Flow",2025-04-08 14:51:32,2025-04-08 15:16:31
"Flow",2025-04-08 14:18:01,2025-04-08 14:51:29
"Flow",2025-04-07 17:52:57,2025-04-07 18:38:54
"Flow",2025-04-07 17:27:56,2025-04-07 17:52:55
"Flow",2025-04-07 17:02:54,2025-04-07 17:27:53
"Flow",2025-04-07 15:57:52,2025-04-07 16:59:03
"Flow",2025-04-07 15:32:50,2025-04-07 15:57:50
"Flow",2025-04-07 14:36:06,2025-04-07 15:20:15
"Flow",2025-04-07 14:11:05,2025-04-07 14:36:05
"Flow",2025-04-07 13:32:48,2025-04-07 14:11:04
"Flow",2025-04-04 13:55:04,2025-04-04 14:01:19
"Flow",2025-04-04 13:29:49,2025-04-04 13:55:00
"Flow",2025-04-03 17:12:43,2025-04-03 17:42:49
"Flow",2025-04-03 16:47:41,2025-04-03 17:12:41
"Flow",2025-04-03 16:20:11,2025-04-03 16:45:10
"Flow",2025-04-03 14:35:33,2025-04-03 15:09:03
"Flow",2025-04-03 13:35:30,2025-04-03 14:35:28
"Flow",2025-04-03 13:06:10,2025-04-03 13:35:27
"Flow",2025-04-01 15:01:55,2025-04-01 15:21:25
"Flow",2025-03-31 17:13:25,2025-03-31 17:15:17
"Flow",2025-03-31 13:45:28,2025-03-31 17:13:23
"Flow",2025-03-27 16:57:46,2025-03-27 17:22:46
"Flow",2025-03-27 15:42:09,2025-03-27 16:10:47
"Flow",2025-03-27 14:00:00,2025-03-27 14:52:07
"Flow",2025-03-27 13:24:57,2025-03-27 13:59:58
"Flow",2025-03-26 16:47:16,2025-03-26 16:51:13
"Flow",2025-03-26 16:14:05,2025-03-26 16:39:04
"Flow",2025-03-26 14:17:26,2025-03-26 14:19:34
"Flow",2025-03-25 16:05:10,2025-03-25 16:33:16
"Flow",2025-03-25 14:41:17,2025-03-25 15:06:16
"Flow",2025-03-25 14:16:14,2025-03-25 14:41:14
"Flow",2025-03-18 17:22:06,2025-03-18 17:47:19
"Flow",2025-03-18 16:57:04,2025-03-18 17:22:04
"Flow",2025-03-18 14:10:52,2025-03-18 14:35:52
"Flow",2025-03-18 13:45:50,2025-03-18 14:10:50
"Flow",2025-03-18 13:02:14,2025-03-18 13:45:49
"Flow",2025-03-17 14:56:49,2025-03-17 17:20:29
"Flow",2025-03-17 13:33:30,2025-03-17 14:56:47
"Flow",2025-03-17 13:08:29,2025-03-17 13:33:28
"Flow",2025-03-17 12:43:28,2025-03-17 13:08:27
"Flow",2025-03-17 12:18:27,2025-03-17 12:43:26
"Flow",2025-03-13 15:39:40,2025-03-13 16:04:39
"Flow",2025-03-13 15:14:39,2025-03-13 15:39:38
"Flow",2025-03-12 18:44:07,2025-03-12 19:09:06
"Flow",2025-03-12 17:29:24,2025-03-12 18:44:05
"Flow",2025-03-12 16:53:14,2025-03-12 17:18:13
"Flow",2025-03-12 16:28:12,2025-03-12 16:53:11
"Flow",2025-03-12 15:15:54,2025-03-12 15:40:53
"Flow",2025-03-12 12:42:52,2025-03-12 13:07:51
"Flow",2025-03-11 18:35:44,2025-03-11 18:43:57
"Flow",2025-03-11 17:42:49,2025-03-11 18:35:42
"Flow",2025-03-11 15:54:29,2025-03-11 17:42:47
"Flow",2025-03-11 15:29:28,2025-03-11 15:54:27
"Flow",2025-03-11 15:04:27,2025-03-11 15:29:26
"Flow",2025-03-11 13:29:56,2025-03-11 15:04:25
"Flow",2025-03-11 13:01:12,2025-03-11 13:29:54
"Flow",2025-03-11 12:36:10,2025-03-11 13:01:10
"Flow",2025-03-04 17:19:00,2025-03-04 17:28:55
"Flow",2025-03-04 16:53:59,2025-03-04 17:18:58
"Flow",2025-03-04 16:25:53,2025-03-04 16:50:52
"Flow",2025-03-04 16:00:50,2025-03-04 16:25:49
"Flow",2025-02-21 11:53:11,2025-02-21 12:10:10
"Flow",2025-02-21 11:28:10,2025-02-21 11:53:10
"Flow",2025-02-21 11:03:09,2025-02-21 11:28:08
"Flow",2025-02-20 17:19:51,2025-02-20 17:33:29
"Flow",2025-02-20 16:54:50,2025-02-20 17:19:49
"Flow",2025-02-20 16:29:48,2025-02-20 16:54:48
"Flow",2025-02-20 15:01:27,2025-02-20 16:29:46
"Flow",2025-02-20 14:14:57,2025-02-20 15:01:25
"Flow",2025-02-20 13:45:36,2025-02-20 14:14:55
"Flow",2025-02-20 13:18:26,2025-02-20 13:44:38
"Flow",2025-02-20 12:02:15,2025-02-20 13:18:24
"Flow",2025-02-20 11:32:47,2025-02-20 12:02:14
"Flow",2025-02-20 11:01:20,2025-02-20 11:32:46
"Flow",2025-02-18 16:46:02,2025-02-18 17:19:20
"Flow",2025-02-18 13:36:57,2025-02-18 14:03:24
"Flow",2025-02-13 14:03:02,2025-02-13 14:34:17
"Flow",2025-02-13 13:38:00,2025-02-13 14:03:00
"Flow",2025-02-13 12:01:38,2025-02-13 13:37:58
"Flow",2025-02-13 11:36:37,2025-02-13 12:01:36
"Flow",2025-02-13 11:08:44,2025-02-13 11:36:35
"Flow",2025-02-12 17:14:53,2025-02-12 17:42:59
"Flow",2025-02-12 16:41:42,2025-02-12 17:14:51
"Flow",2025-02-12 16:16:41,2025-02-12 16:41:40
"Flow",2025-02-12 15:51:39,2025-02-12 16:16:38
"Flow",2025-02-12 15:26:38,2025-02-12 15:51:37
"Flow",2025-02-12 14:26:56,2025-02-12 15:26:36
"Flow",2025-02-12 12:00:53,2025-02-12 14:26:54
"Flow",2025-02-12 11:07:44,2025-02-12 12:00:51
"Flow",2025-02-10 17:58:08,2025-02-10 18:23:07
"Flow",2025-02-10 16:11:09,2025-02-10 16:48:18
"Flow",2025-02-10 15:46:08,2025-02-10 16:11:07
"Flow",2025-02-10 15:21:07,2025-02-10 15:46:06
"Flow",2025-02-10 12:48:21,2025-02-10 15:21:05
"Flow",2025-02-10 12:21:15,2025-02-10 12:48:19
"Flow",2025-02-10 11:56:14,2025-02-10 12:21:14
"Flow",2025-02-10 11:31:13,2025-02-10 11:56:13
"Flow",2025-02-07 16:54:46,2025-02-07 16:56:27
"Flow",2025-02-07 16:29:45,2025-02-07 16:54:44
"Flow",2025-02-07 16:04:08,2025-02-07 16:29:43
"Flow",2025-02-07 14:41:57,2025-02-07 15:58:16
"Flow",2025-02-07 14:16:56,2025-02-07 14:41:55
"Flow",2025-02-07 13:29:37,2025-02-07 14:16:55
"Flow",2025-02-07 12:04:25,2025-02-07 13:29:31
"Flow",2025-02-04 14:36:16,2025-02-04 15:01:16
"Flow",2025-02-04 12:51:13,2025-02-04 14:36:06
"Flow",2025-02-04 12:11:41,2025-02-04 12:36:40
"Flow",2025-02-04 11:46:04,2025-02-04 12:11:39
"Flow",2025-02-03 17:25:45,2025-02-03 17:40:29
"Flow",2025-02-03 16:49:37,2025-02-03 17:25:43
"Flow",2025-02-03 11:17:41,2025-02-03 16:49:35
"Flow",2025-01-31 16:44:56,2025-01-31 17:09:55
"Flow",2025-01-31 14:09:17,2025-01-31 15:47:09
"Flow",2025-01-31 13:31:07,2025-01-31 13:56:06
"Flow",2025-01-31 13:06:06,2025-01-31 13:31:05
"Flow",2025-01-31 12:41:04,2025-01-31 13:06:04
"Flow",2025-01-31 12:16:02,2025-01-31 12:41:02
"Flow",2025-01-30 16:56:23,2025-01-30 17:21:23
"Flow",2025-01-30 16:31:21,2025-01-30 16:56:21
"Flow",2025-01-29 16:09:47,2025-01-29 16:34:47
"Flow",2025-01-29 14:53:56,2025-01-29 16:09:44
"Flow",2025-01-29 14:28:52,2025-01-29 14:53:54
"Flow",2025-01-29 14:03:52,2025-01-29 14:28:51
"Flow",2025-01-29 13:34:16,2025-01-29 13:59:16
"Flow",2025-01-29 12:53:59,2025-01-29 13:18:58
"Flow",2025-01-29 12:28:45,2025-01-29 12:53:45
"Flow",2025-01-29 12:03:44,2025-01-29 12:28:44
"Flow",2025-01-28 17:53:31,2025-01-28 17:58:15
"Flow",2025-01-28 15:26:20,2025-01-28 17:53:29
"Flow",2025-01-28 15:01:18,2025-01-28 15:26:18
"Flow",2025-01-28 13:57:07,2025-01-28 15:01:16
"Flow",2025-01-28 13:32:06,2025-01-28 13:57:05
"Flow",2025-01-28 13:07:03,2025-01-28 13:32:03
"Flow",2025-01-27 16:38:51,2025-01-27 17:03:50
"Flow",2025-01-27 15:26:38,2025-01-27 16:38:49
"Flow",2025-01-27 12:10:34,2025-01-27 15:26:36
"Flow",2025-01-27 11:45:32,2025-01-27 12:10:32
"Flow",2025-01-24 16:58:53,2025-01-24 17:06:01
"Flow",2025-01-24 16:33:52,2025-01-24 16:58:51
"Flow",2025-01-24 16:08:51,2025-01-24 16:33:50
"Flow",2025-01-24 12:53:34,2025-01-24 16:08:49
"Flow",2025-01-24 12:09:56,2025-01-24 12:53:32
"Flow",2025-01-24 11:44:54,2025-01-24 12:09:53
"Flow",2025-01-24 11:19:52,2025-01-24 11:44:52
"Flow",2025-01-23 18:13:19,2025-01-23 18:38:18
"Flow",2025-01-23 17:48:17,2025-01-23 18:13:16
"Flow",2025-01-23 17:23:16,2025-01-23 17:48:15
"Flow",2025-01-23 14:54:56,2025-01-23 17:23:14
"Flow",2025-01-23 12:56:51,2025-01-23 14:44:56
"Flow",2025-01-23 12:31:47,2025-01-23 12:56:48
"Flow",2025-01-22 17:27:44,2025-01-22 17:52:43
"Flow",2025-01-22 13:50:56,2025-01-22 14:41:00
"Flow",2025-01-22 12:28:53,2025-01-22 13:50:54
"Flow",2025-01-22 12:03:52,2025-01-22 12:28:51
"Flow",2025-01-22 11:38:50,2025-01-22 12:03:50
"Flow",2025-01-22 11:13:48,2025-01-22 11:38:48
"Flow",2025-01-22 10:47:40,2025-01-22 11:13:47
"Flow",2025-01-21 17:28:55,2025-01-21 17:48:44
"Flow",2025-01-21 15:25:28,2025-01-21 17:28:52
"Flow",2025-01-21 12:24:41,2025-01-21 15:22:07
"Flow",2025-01-21 11:59:39,2025-01-21 12:24:40
"Flow",2025-01-20 17:07:03,2025-01-20 19:47:36
"Flow",2025-01-20 14:14:16,2025-01-20 17:05:29
"Flow",2025-01-17 18:19:28,2025-01-17 18:39:53
"Flow",2025-01-17 17:36:28,2025-01-17 18:16:23
"Flow",2025-01-17 14:59:23,2025-01-17 17:36:26
"Flow",2025-01-17 13:11:11,2025-01-17 14:59:21
"Flow",2025-01-17 12:46:10,2025-01-17 13:11:09
"Flow",2025-01-17 11:17:29,2025-01-17 12:46:07
"Flow",2025-01-16 14:26:26,2025-01-16 14:55:00
"Flow",2025-01-16 14:01:24,2025-01-16 14:26:24
"Flow",2025-01-16 13:29:05,2025-01-16 14:01:22
"Flow",2025-01-16 13:04:04,2025-01-16 13:29:03
"Flow",2025-01-16 12:38:36,2025-01-16 13:03:35
"Flow",2025-01-16 11:52:28,2025-01-16 12:38:34
"Flow",2025-01-15 16:50:08,2025-01-15 16:51:56
"Flow",2025-01-15 16:25:05,2025-01-15 16:50:04
"Flow",2025-01-15 14:48:28,2025-01-15 15:13:28
"Flow",2025-01-15 11:18:08,2025-01-15 14:48:26
"Flow",2025-01-14 16:39:43,2025-01-14 17:04:42
"Flow",2025-01-14 15:40:28,2025-01-14 16:39:05
"Flow",2025-01-14 15:00:43,2025-01-14 15:40:26
"Flow",2025-01-14 13:59:29,2025-01-14 14:50:49
"Flow",2025-01-14 13:34:24,2025-01-14 13:59:24
"Flow",2025-01-14 11:35:42,2025-01-14 12:12:14
"Flow",2025-01-14 11:10:06,2025-01-14 11:35:40
"Flow",2025-01-13 18:10:48,2025-01-13 18:36:17
"Flow",2025-01-13 17:45:39,2025-01-13 18:10:42
"Flow",2025-01-13 16:48:01,2025-01-13 17:45:37
"Flow",2025-01-13 16:23:00,2025-01-13 16:47:59
"Flow",2025-01-13 15:57:03,2025-01-13 16:22:58
"Flow",2025-01-13 13:55:10,2025-01-13 15:57:01
"Flow",2025-01-13 13:30:09,2025-01-13 13:55:09
"Flow",2025-01-13 12:08:41,2025-01-13 12:33:40
"Flow",2025-01-13 11:42:58,2025-01-13 12:08:39
"Flow",2025-01-13 11:14:50,2025-01-13 11:42:56
"Flow",2025-01-13 10:47:37,2025-01-13 11:14:48
"Flow",2025-01-08 12:59:31,2025-01-08 13:11:33
"Flow",2025-01-08 12:12:43,2025-01-08 12:59:29
"Flow",2024-12-19 14:34:16,2024-12-19 14:59:15
"Flow",2024-12-19 14:09:15,2024-12-19 14:34:14
"Flow",2024-12-19 13:44:14,2024-12-19 14:09:13
"Flow",2024-12-19 10:50:19,2024-12-19 13:44:11
"Flow",2024-12-18 16:05:00,2024-12-18 16:38:45
"Flow",2024-12-18 15:22:20,2024-12-18 16:04:58
"Flow",2024-12-18 14:52:57,2024-12-18 15:22:18
"Flow",2024-12-18 12:26:07,2024-12-18 13:51:18
"Flow",2024-12-17 14:32:29,2024-12-17 16:07:55
"Flow",2024-12-17 14:07:28,2024-12-17 14:32:28
"Flow",2024-12-17 12:44:23,2024-12-17 14:07:27
"Flow",2024-12-17 12:14:54,2024-12-17 12:44:22
"Flow",2024-12-17 11:49:53,2024-12-17 12:14:53
"Flow",2024-12-17 10:12:48,2024-12-17 11:49:52
"Flow",2024-12-16 21:37:26,2024-12-16 21:56:12
"Flow",2024-12-16 20:57:01,2024-12-16 21:37:24
"Flow",2024-12-16 19:42:52,2024-12-16 20:56:59
"Flow",2024-12-16 18:49:48,2024-12-16 19:42:50
"Flow",2024-12-16 18:14:25,2024-12-16 18:49:46
"Flow",2024-12-16 17:37:45,2024-12-16 18:14:23
"Flow",2024-12-16 17:10:30,2024-12-16 17:35:29
"Flow",2024-12-16 12:38:46,2024-12-16 17:10:28
"Flow",2024-12-16 11:03:23,2024-12-16 12:38:44
"Flow",2024-12-13 14:24:26,2024-12-13 14:48:54
"Flow",2024-12-13 13:59:24,2024-12-13 14:24:24
"Flow",2024-12-13 12:59:45,2024-12-13 13:59:22
"Flow",2024-12-13 12:22:00,2024-12-13 12:59:44
"Flow",2024-12-13 11:57:00,2024-12-13 12:21:59
"Flow",2024-12-13 11:31:58,2024-12-13 11:56:58
"Flow",2024-12-12 15:35:43,2024-12-12 16:18:18
"Flow",2024-12-12 14:09:09,2024-12-12 15:23:43
"Flow",2024-12-12 13:44:08,2024-12-12 14:09:07
"Flow",2024-12-12 12:26:59,2024-12-12 13:44:06
"Flow",2024-12-12 12:01:47,2024-12-12 12:26:57
"Flow",2024-12-12 11:36:45,2024-12-12 12:01:45
"Flow",2024-12-11 17:08:09,2024-12-11 18:09:42
"Flow",2024-12-11 16:05:43,2024-12-11 17:08:07
"Flow",2024-12-11 13:51:31,2024-12-11 16:05:41
"Flow",2024-12-11 12:39:20,2024-12-11 13:51:29
"Flow",2024-12-11 12:12:28,2024-12-11 12:37:27
"Flow",2024-12-11 11:47:26,2024-12-11 12:12:26
"Flow",2024-12-10 15:21:34,2024-12-10 16:00:15
"Flow",2024-12-10 11:50:58,2024-12-10 15:21:33
"Flow",2024-12-10 11:25:56,2024-12-10 11:50:56
"Flow",2024-12-10 11:00:55,2024-12-10 11:25:55
"Flow",2024-12-09 20:57:10,2024-12-09 21:55:23
"Flow",2024-12-09 20:25:12,2024-12-09 20:57:06
"Flow",2024-12-09 19:34:29,2024-12-09 19:59:29
"Flow",2024-12-09 19:09:27,2024-12-09 19:34:26
"Flow",2024-12-09 18:44:10,2024-12-09 19:09:25
"Flow",2024-12-09 13:39:25,2024-12-09 18:44:09
"Flow",2024-12-06 16:00:14,2024-12-06 16:14:24
"Flow",2024-12-06 13:59:30,2024-12-06 16:00:12
"Flow",2024-12-06 12:22:23,2024-12-06 13:59:28
"Flow",2024-12-06 11:57:22,2024-12-06 12:22:21
"Flow",2024-12-06 11:15:22,2024-12-06 11:57:20
"Flow",2024-12-05 12:52:06,2024-12-05 16:22:43
"Flow",2024-12-05 12:27:06,2024-12-05 12:52:05
"Flow",2024-12-05 12:02:04,2024-12-05 12:27:04
"Flow",2024-12-05 11:37:04,2024-12-05 12:02:03
"Flow",2024-12-05 11:12:02,2024-12-05 11:37:02
"Flow",2024-12-05 10:47:01,2024-12-05 11:12:01
"Flow",2024-12-04 13:21:53,2024-12-04 23:21:54
"Flow",2024-12-04 12:56:51,2024-12-04 13:21:51
"Flow",2024-12-04 12:31:50,2024-12-04 12:56:49
"Flow",2024-12-04 11:12:48,2024-12-04 12:31:48
"Flow",2024-12-04 10:18:14,2024-12-04 11:12:46
"Flow",2024-12-04 09:53:12,2024-12-04 10:18:12
"Flow",2024-11-28 15:32:35,2024-11-28 16:00:10
"Flow",2024-11-28 15:07:34,2024-11-28 15:32:33
"Flow",2024-11-28 14:42:33,2024-11-28 15:07:32
"Flow",2024-11-28 13:39:46,2024-11-28 14:36:01
"Flow",2024-11-28 13:14:45,2024-11-28 13:39:44
"Flow",2024-11-28 12:09:05,2024-11-28 12:34:04
"Flow",2024-11-28 11:44:04,2024-11-28 12:09:03
"Flow",2024-11-28 11:09:55,2024-11-28 11:44:02
"Flow",2024-11-28 10:44:54,2024-11-28 11:09:53
"Flow",2024-11-27 16:21:59,2024-11-27 16:34:22
"Flow",2024-11-27 15:56:58,2024-11-27 16:21:57
"Flow",2024-11-27 15:31:48,2024-11-27 15:56:56
"Flow",2024-11-27 13:25:49,2024-11-27 15:31:46
"Flow",2024-11-27 13:00:48,2024-11-27 13:25:47
"Flow",2024-11-27 12:29:55,2024-11-27 13:00:45
"Flow",2024-11-26 16:55:17,2024-11-26 17:35:58
"Flow",2024-11-26 16:30:16,2024-11-26 16:55:15
"Flow",2024-11-26 16:05:14,2024-11-26 16:30:13
"Flow",2024-11-26 15:40:13,2024-11-26 16:05:12
"Flow",2024-11-25 21:08:32,2024-11-25 21:33:34
"Flow",2024-11-25 20:43:31,2024-11-25 21:08:30
"Flow",2024-11-25 20:18:30,2024-11-25 20:43:29
"Flow",2024-11-25 17:12:59,2024-11-25 20:18:28
"Flow",2024-11-25 16:23:44,2024-11-25 17:12:57
"Flow",2024-11-25 15:42:09,2024-11-25 16:23:43
"Flow",2024-11-25 15:17:08,2024-11-25 15:42:07
"Flow",2024-11-25 14:52:05,2024-11-25 15:17:04
"Flow",2024-11-22 15:46:32,2024-11-22 15:51:03
"Flow",2024-11-22 15:21:31,2024-11-22 15:46:30
"Flow",2024-11-22 14:55:59,2024-11-22 15:20:59
"Flow",2024-11-22 14:30:58,2024-11-22 14:55:58
"Flow",2024-11-22 14:05:57,2024-11-22 14:30:57
"Flow",2024-11-22 13:40:56,2024-11-22 14:05:56
"Flow",2024-11-22 13:37:22,2024-11-22 13:38:26
"Flow",2024-11-21 18:08:09,2024-11-21 18:22:45
"Flow",2024-11-21 16:51:17,2024-11-21 18:08:07
"Flow",2024-11-21 16:16:35,2024-11-21 16:51:15
"Flow",2024-11-21 15:51:34,2024-11-21 16:16:33
"Flow",2024-11-21 15:26:33,2024-11-21 15:51:32
"Flow",2024-11-21 14:25:00,2024-11-21 15:08:53
"Flow",2024-11-21 13:59:55,2024-11-21 14:24:58
"Flow",2024-11-21 13:34:54,2024-11-21 13:59:54
"Flow",2024-11-21 13:20:42,2024-11-21 13:34:53
"Flow",2024-11-20 16:46:57,2024-11-20 17:11:57
"Flow",2024-11-20 16:21:56,2024-11-20 16:46:55
"Flow",2024-11-20 15:56:54,2024-11-20 16:21:54
"Flow",2024-11-20 15:31:54,2024-11-20 15:56:53
"Flow",2024-11-20 13:08:48,2024-11-20 13:33:47
"Flow",2024-11-18 14:00:39,2024-11-18 14:20:29
"Flow",2024-11-18 13:35:38,2024-11-18 14:00:37
"Flow",2024-11-18 13:10:37,2024-11-18 13:35:36
"Flow",2024-11-11 21:21:39,2024-11-11 21:55:22
"Flow",2024-11-11 20:43:59,2024-11-11 21:21:38
"Flow",2024-11-11 20:18:57,2024-11-11 20:43:57
"Flow",2024-11-11 18:50:28,2024-11-11 20:18:56
"Flow",2024-11-11 18:25:27,2024-11-11 18:50:26
"Flow",2024-11-11 18:00:25,2024-11-11 18:25:25
"Flow",2024-11-11 12:57:06,2024-11-11 18:00:24
"Flow",2024-11-11 12:32:05,2024-11-11 12:57:04
"Flow",2024-11-11 11:43:28,2024-11-11 12:32:03
"Flow",2024-11-11 10:55:18,2024-11-11 11:43:27
"Flow",2024-11-08 16:45:54,2024-11-08 17:10:54
"Flow",2024-11-08 16:20:53,2024-11-08 16:45:53
"Flow",2024-11-08 15:55:42,2024-11-08 16:20:50
"Flow",2024-11-07 18:25:37,2024-11-07 18:46:22
"Flow",2024-11-07 15:17:14,2024-11-07 15:32:31
"Flow",2024-11-06 20:29:46,2024-11-06 20:41:56
"Flow",2024-11-06 19:44:29,2024-11-06 20:09:28
"Flow",2024-11-06 19:19:28,2024-11-06 19:44:27
"Flow",2024-11-06 18:54:27,2024-11-06 19:19:26
"Flow",2024-11-06 18:29:26,2024-11-06 18:54:25
"Flow",2024-11-06 11:17:04,2024-11-06 12:56:44
"Flow",2024-11-05 21:40:00,2024-11-05 21:46:11
"Flow",2024-11-05 19:54:36,2024-11-05 20:19:35
"Flow",2024-11-05 19:29:35,2024-11-05 19:54:34
"Flow",2024-11-05 17:58:00,2024-11-05 19:29:33
"Flow",2024-11-05 16:01:43,2024-11-05 16:57:40
"Flow",2024-11-05 15:36:41,2024-11-05 16:01:41
"Flow",2024-11-05 13:47:17,2024-11-05 15:36:38
"Flow",2024-11-05 13:20:18,2024-11-05 13:45:17
"Flow",2024-11-04 19:19:15,2024-11-04 19:29:56
"Flow",2024-11-04 18:54:14,2024-11-04 19:19:14
"Flow",2024-11-04 18:29:13,2024-11-04 18:54:12
"Flow",2024-11-04 17:18:49,2024-11-04 18:29:11
"Flow",2024-11-04 15:26:18,2024-11-04 17:18:46
"Flow",2024-11-04 13:51:56,2024-11-04 15:26:17
"Flow",2024-11-04 13:26:53,2024-11-04 13:51:53
"Flow",2024-11-01 16:49:20,2024-11-01 17:26:52
"Flow",2024-11-01 14:54:26,2024-11-01 15:51:32
"Flow",2024-11-01 13:01:02,2024-11-01 14:54:24
"Flow",2024-10-31 21:52:07,2024-10-31 22:17:06
"Flow",2024-10-31 21:25:07,2024-10-31 21:52:04
"Flow",2024-10-31 20:33:06,2024-10-31 21:25:05
"Flow",2024-10-31 19:56:15,2024-10-31 20:33:04
"Flow",2024-10-31 19:07:29,2024-10-31 19:44:04
"Flow",2024-10-31 18:25:33,2024-10-31 19:07:26
"Flow",2024-10-31 18:00:07,2024-10-31 18:25:06
"Flow",2024-10-30 17:45:07,2024-10-30 17:50:20
"Flow",2024-10-30 14:19:31,2024-10-30 15:11:14
"Flow",2024-10-30 13:37:51,2024-10-30 14:02:50
"Flow",2024-10-30 12:58:07,2024-10-30 13:37:49
"Flow",2024-10-30 12:32:53,2024-10-30 12:57:53
"Flow",2024-10-29 15:33:31,2024-10-29 15:58:30
"Flow",2024-10-29 14:16:30,2024-10-29 15:32:05
"Flow",2024-10-29 13:51:29,2024-10-29 14:16:28
"Flow",2024-10-29 13:26:26,2024-10-29 13:51:26
"Flow",2024-10-25 18:58:15,2024-10-25 19:23:14
"Flow",2024-10-22 23:06:57,2024-10-22 23:31:56
"Flow",2024-10-22 22:41:56,2024-10-22 23:06:55
"Flow",2024-10-22 22:00:31,2024-10-22 22:41:53
"Flow",2024-10-21 23:46:15,2024-10-22 00:01:34
"Flow",2024-10-21 22:59:54,2024-10-21 23:24:55
"Flow",2024-10-21 22:19:32,2024-10-21 22:44:32
"Flow",2024-10-21 21:29:34,2024-10-21 21:54:34
"Flow",2024-10-21 21:04:34,2024-10-21 21:29:33
"Flow",2024-10-21 20:39:32,2024-10-21 21:04:32
"Flow",2024-10-21 18:14:52,2024-10-21 18:41:12
"Flow",2024-10-21 12:20:04,2024-10-21 14:33:06
"Flow",2024-10-21 11:54:49,2024-10-21 12:19:48
"Flow",2024-10-18 18:22:27,2024-10-18 18:29:17
"Flow",2024-10-18 17:57:26,2024-10-18 18:22:25
"Flow",2024-10-18 17:07:53,2024-10-18 17:57:24
"Flow",2024-10-18 16:42:51,2024-10-18 17:07:50
"Flow",2024-10-18 16:17:49,2024-10-18 16:42:49
"Flow",2024-10-18 15:25:25,2024-10-18 16:17:47
"Flow",2024-10-18 13:36:43,2024-10-18 15:25:23
"Flow",2024-10-18 13:11:41,2024-10-18 13:36:40
"Flow",2024-10-18 12:46:27,2024-10-18 13:11:39
"Flow",2024-10-18 12:21:26,2024-10-18 12:46:25
"Flow",2024-10-17 14:06:15,2024-10-17 14:31:14
"Flow",2024-10-17 12:53:20,2024-10-17 14:06:13
"Flow",2024-10-17 12:28:19,2024-10-17 12:53:18
"Flow",2024-10-17 12:03:18,2024-10-17 12:28:18
"Flow",2024-10-16 21:07:45,2024-10-16 21:32:44
"Flow",2024-10-16 18:32:22,2024-10-16 21:07:42
"Flow",2024-10-16 18:07:19,2024-10-16 18:32:19
"Flow",2024-10-16 17:42:18,2024-10-16 18:07:18
"Flow",2024-10-16 15:31:26,2024-10-16 15:56:25
"Flow",2024-10-16 14:58:01,2024-10-16 15:31:24
"Flow",2024-10-16 14:32:59,2024-10-16 14:57:59
"Flow",2024-10-16 13:53:38,2024-10-16 14:32:58
"Flow",2024-10-16 13:28:36,2024-10-16 13:53:36
"Flow",2024-10-16 13:00:35,2024-10-16 13:28:34
"Flow",2024-10-16 12:22:14,2024-10-16 13:00:33
"Flow",2024-10-15 19:19:06,2024-10-15 19:29:38
"Flow",2024-10-15 17:59:37,2024-10-15 19:06:44
"Flow",2024-10-15 15:55:18,2024-10-15 17:59:35
"Flow",2024-10-15 15:23:47,2024-10-15 15:55:16
"Flow",2024-10-15 14:49:40,2024-10-15 15:14:39
"Flow",2024-10-15 14:09:16,2024-10-15 14:34:15
"Flow",2024-10-15 13:25:30,2024-10-15 13:50:29
"Flow",2024-10-15 13:00:29,2024-10-15 13:25:28
"Flow",2024-10-15 12:35:28,2024-10-15 13:00:27
"Flow",2024-10-11 17:40:01,2024-10-11 18:06:49
"Flow",2024-10-11 17:13:35,2024-10-11 17:38:34
"Flow",2024-10-11 16:30:00,2024-10-11 17:13:33
"Flow",2024-10-11 15:12:39,2024-10-11 15:37:49
"Flow",2024-10-11 14:43:47,2024-10-11 15:08:47
"Flow",2024-10-11 14:18:46,2024-10-11 14:43:45
"Flow",2024-10-11 13:53:44,2024-10-11 14:18:44
"Flow",2024-10-11 13:21:31,2024-10-11 13:53:42
"Flow",2024-10-11 12:52:12,2024-10-11 13:21:29
"Flow",2024-10-11 12:27:05,2024-10-11 12:52:09
"Flow",2024-10-10 13:28:19,2024-10-10 13:31:41
"Flow",2024-10-10 13:03:18,2024-10-10 13:28:18
"Flow",2024-10-10 12:38:17,2024-10-10 13:03:17
"Flow",2024-10-10 12:13:16,2024-10-10 12:38:15
"Flow",2024-10-01 13:09:02,2024-10-01 13:36:49
"Flow",2024-10-01 12:44:00,2024-10-01 13:09:00
"Flow",2024-09-27 13:40:18,2024-09-27 14:05:17
"Flow",2024-09-27 13:15:16,2024-09-27 13:40:16
"Flow",2024-09-27 12:50:14,2024-09-27 13:15:14
"Flow",2024-09-23 13:55:22,2024-09-23 14:13:30
"Flow",2024-09-23 13:30:21,2024-09-23 13:55:20
"Flow",2024-09-19 16:58:08,2024-09-19 17:11:15
"Flow",2024-09-19 16:33:07,2024-09-19 16:58:07
"Flow",2024-09-19 16:08:06,2024-09-19 16:33:06
"Flow",2024-09-19 15:43:05,2024-09-19 16:08:04
"Flow",2024-09-19 13:53:03,2024-09-19 14:05:58
"Flow",2024-09-19 13:28:01,2024-09-19 13:53:01
"Flow",2024-09-18 14:47:06,2024-09-19 13:28:01
"Flow",2024-09-18 14:22:05,2024-09-18 14:47:04
"Flow",2024-09-18 13:57:04,2024-09-18 14:22:03
"Flow",2024-09-18 13:32:03,2024-09-18 13:57:02
"Flow",2024-09-18 12:46:24,2024-09-18 13:32:01
"Flow",2024-09-18 12:21:23,2024-09-18 12:46:22
"Flow",2024-09-18 11:56:22,2024-09-18 12:21:21
"Flow",2024-09-16 16:54:53,2024-09-16 17:22:57
"Flow",2024-09-16 16:29:52,2024-09-16 16:54:51
"Flow",2024-09-12 14:18:06,2024-09-12 14:43:05
"Flow",2024-09-12 13:53:05,2024-09-12 14:18:04
"Flow",2024-09-12 13:28:04,2024-09-12 13:53:03
"Flow",2024-09-12 13:03:02,2024-09-12 13:28:02
"Flow",2024-09-10 18:33:46,2024-09-10 18:59:27
"Flow",2024-09-10 18:08:45,2024-09-10 18:33:44
"Flow",2024-09-10 17:43:44,2024-09-10 18:08:43
"Flow",2024-09-10 17:04:24,2024-09-10 17:29:23
"Flow",2024-09-10 12:58:00,2024-09-10 15:21:28
"Flow",2024-09-10 12:32:59,2024-09-10 12:57:58
"Flow",2024-09-10 12:07:57,2024-09-10 12:32:57
"Flow",2024-09-10 11:42:51,2024-09-10 12:07:50
"Flow",2024-09-04 11:57:20,2024-09-04 12:04:13
"Flow",2024-08-15 17:54:46,2024-08-15 18:19:45
"Flow",2024-08-15 17:29:45,2024-08-15 17:54:44
"Flow",2024-07-19 13:46:29,2024-07-19 14:11:14
"Flow",2024-07-01 17:14:51,2024-07-01 17:39:50
"Flow",2024-07-01 15:06:30,2024-07-01 15:09:20
"Flow",2024-07-01 14:41:29,2024-07-01 15:06:29
"Flow",2024-07-01 14:16:27,2024-07-01 14:41:27
"Flow",2024-07-01 13:51:26,2024-07-01 14:16:26
"Flow",2024-07-01 13:26:25,2024-07-01 13:51:25
"Flow",2024-06-28 15:16:32,2024-06-28 15:31:29
"Flow",2024-06-28 14:51:29,2024-06-28 15:16:29
"Flow",2024-06-28 14:26:28,2024-06-28 14:51:27
"Flow",2024-06-20 13:14:35,2024-06-20 13:34:07
"Flow",2024-06-20 12:49:34,2024-06-20 13:14:34
"Flow",2024-06-18 18:48:31,2024-06-18 18:56:08
"Flow",2024-06-18 18:23:30,2024-06-18 18:48:29
"Flow",2024-06-18 17:58:29,2024-06-18 18:23:28
"Flow",2024-06-18 17:33:28,2024-06-18 17:58:27
"Flow",2024-06-18 17:08:27,2024-06-18 17:33:26
"Flow",2024-06-18 16:43:26,2024-06-18 17:08:26
"Flow",2024-06-18 16:17:18,2024-06-18 16:43:25
"Flow",2024-06-18 15:52:17,2024-06-18 16:17:17
"Flow",2024-06-18 15:01:07,2024-06-18 15:26:07
"Flow",2024-06-18 14:36:06,2024-06-18 15:01:06
"Flow",2024-06-13 14:24:56,2024-06-13 14:49:56
"Flow",2024-06-13 10:59:16,2024-06-13 14:24:54
"Flow",2024-06-13 10:34:15,2024-06-13 10:59:15
"Flow",2024-06-10 12:38:20,2024-06-10 13:03:19
"Flow",2024-06-10 12:13:19,2024-06-10 12:38:18
"Flow",2024-06-10 11:48:17,2024-06-10 12:13:17
"Flow",2024-06-07 16:11:41,2024-06-07 16:34:40
"Flow",2024-06-07 15:48:03,2024-06-07 16:11:23
"Flow",2024-06-07 15:29:10,2024-06-07 15:48:01
"Flow",2024-06-06 16:43:29,2024-06-06 17:03:22
"Flow",2024-06-06 14:05:40,2024-06-06 16:43:24
"Flow",2024-06-06 13:40:31,2024-06-06 14:05:31
"Flow",2024-06-06 13:15:30,2024-06-06 13:40:29
"Flow",2024-06-06 12:50:28,2024-06-06 13:15:28
"Flow",2024-06-06 12:04:33,2024-06-06 12:29:32
"Flow",2024-06-04 15:36:20,2024-06-04 16:01:20
"Flow",2024-06-04 15:11:18,2024-06-04 15:36:18
"Flow",2024-06-04 14:46:18,2024-06-04 15:11:17
"Flow",2024-06-04 14:21:17,2024-06-04 14:46:16
"Flow",2024-04-25 11:49:30,2024-04-25 12:14:29
"Flow",2024-04-23 11:56:54,2024-04-23 12:21:54
"Flow",2024-04-23 11:31:53,2024-04-23 11:56:53
"Flow",2024-04-23 11:06:51,2024-04-23 11:31:51
"Flow",2024-04-19 15:15:25,2024-04-19 15:40:24
"Flow",2024-04-19 14:50:22,2024-04-19 15:15:22
"Flow",2024-04-19 14:25:20,2024-04-19 14:50:20
"Flow",2024-04-19 14:00:17,2024-04-19 14:25:17
"Flow",2024-04-19 13:35:16,2024-04-19 14:00:15
"Flow",2024-04-19 13:10:15,2024-04-19 13:35:14
"Flow",2024-04-19 12:44:31,2024-04-19 13:09:30
"Flow",2024-04-18 17:54:51,2024-04-18 18:21:04
"Flow",2024-04-18 17:29:48,2024-04-18 17:54:47
"Flow",2024-04-18 16:43:03,2024-04-18 17:08:02
"Flow",2024-04-18 16:18:00,2024-04-18 16:43:00
"Flow",2024-04-18 13:26:31,2024-04-18 14:16:37
"Flow",2024-04-18 13:01:30,2024-04-18 13:26:30
"Flow",2024-04-18 12:36:10,2024-04-18 13:01:10
"Flow",2024-04-17 18:55:40,2024-04-17 19:20:39
"Flow",2024-04-17 18:30:38,2024-04-17 18:55:38
"Flow",2024-04-17 18:05:37,2024-04-17 18:30:37
"Flow",2024-04-17 17:40:37,2024-04-17 18:05:36
"Flow",2024-04-17 13:29:53,2024-04-17 13:54:53
"Flow",2024-04-17 13:04:50,2024-04-17 13:29:50
"Flow",2024-04-17 12:39:48,2024-04-17 13:04:48
"Flow",2024-04-16 17:50:45,2024-04-16 19:15:54
"Flow",2024-04-16 16:36:56,2024-04-16 17:02:50
"Flow",2024-04-16 15:55:51,2024-04-16 16:20:51
"Flow",2024-04-16 15:30:51,2024-04-16 15:55:50
"Flow",2024-04-16 13:18:48,2024-04-16 13:43:48
"Flow",2024-04-16 12:53:48,2024-04-16 13:18:47
"Flow",2024-04-16 12:03:09,2024-04-16 12:35:03
"Flow",2024-04-16 11:02:11,2024-04-16 11:29:07
"Flow",2024-04-15 16:48:14,2024-04-15 17:13:14
"Flow",2024-04-15 16:23:13,2024-04-15 16:48:13
"Flow",2024-04-15 15:58:12,2024-04-15 16:23:12
"Flow",2024-04-15 15:33:12,2024-04-15 15:58:11
"Flow",2024-04-15 15:08:10,2024-04-15 15:33:10
"Flow",2024-04-15 12:14:32,2024-04-15 12:39:32
"Flow",2024-04-15 11:49:30,2024-04-15 12:14:30
"Flow",2024-04-15 11:22:54,2024-04-15 11:47:54
"Flow",2024-04-12 15:09:29,2024-04-12 15:34:29
"Flow",2024-04-12 14:44:28,2024-04-12 15:09:27
"Flow",2024-04-12 14:19:27,2024-04-12 14:44:26
"Flow",2024-04-11 12:44:06,2024-04-11 13:09:06
"Flow",2024-04-11 11:31:14,2024-04-11 12:44:05
"Flow",2024-04-10 16:10:12,2024-04-10 17:13:08
"Flow",2024-04-10 15:45:10,2024-04-10 16:10:10
"Flow",2024-04-10 15:20:07,2024-04-10 15:45:07
"Flow",2024-04-10 14:55:03,2024-04-10 15:20:03
"Flow",2024-04-10 14:30:01,2024-04-10 14:55:01
"Flow",2024-04-09 19:35:23,2024-04-09 20:00:22
"Flow",2024-04-09 19:10:22,2024-04-09 19:35:21
"Flow",2024-04-09 18:45:20,2024-04-09 19:10:20
"Flow",2024-04-09 16:04:32,2024-04-09 18:45:19
"Flow",2024-04-09 15:22:10,2024-04-09 16:04:30
"Flow",2024-04-09 14:57:08,2024-04-09 15:22:08
"Flow",2024-04-09 14:32:08,2024-04-09 14:57:07
"Flow",2024-04-09 14:07:07,2024-04-09 14:32:06
"Flow",2024-04-09 13:38:45,2024-04-09 14:03:44
"Flow",2024-04-09 13:13:44,2024-04-09 13:38:43
"Flow",2024-04-09 12:48:39,2024-04-09 13:13:38
"Flow",2024-04-09 12:12:43,2024-04-09 12:48:37
"Flow",2024-04-09 11:47:42,2024-04-09 12:12:41
"Flow",2024-04-09 11:22:41,2024-04-09 11:47:40
"Flow",2024-04-05 18:01:17,2024-04-05 18:30:39
"Flow",2024-04-05 14:46:08,2024-04-05 17:56:53
"Flow",2024-04-05 13:29:20,2024-04-05 14:40:29
"Flow",2024-04-05 12:54:02,2024-04-05 13:19:01
"Flow",2024-04-05 12:16:29,2024-04-05 12:54:00
"Flow",2024-04-04 15:39:39,2024-04-04 16:54:50
"Flow",2024-04-04 15:04:04,2024-04-04 15:39:37
"Flow",2024-04-04 13:27:56,2024-04-04 15:03:34
"Flow",2024-04-04 12:57:16,2024-04-04 13:22:16
"Flow",2024-04-04 12:24:50,2024-04-04 12:56:15
"Flow",2024-04-04 11:42:25,2024-04-04 12:07:24
"Flow",2024-04-04 11:16:11,2024-04-04 11:42:23
"Flow",2024-04-03 16:36:17,2024-04-03 17:01:17
"Flow",2024-04-03 16:11:15,2024-04-03 16:36:15
"Flow",2024-04-03 13:11:18,2024-04-03 13:36:17
"Flow",2024-04-03 12:46:16,2024-04-03 13:11:16
"Flow",2024-04-03 12:21:15,2024-04-03 12:46:15
"Flow",2024-04-03 11:35:16,2024-04-03 12:19:48
"Flow",2024-04-02 16:53:17,2024-04-02 17:57:33
"Flow",2024-04-02 16:23:55,2024-04-02 16:48:55
"Flow",2024-04-02 15:54:09,2024-04-02 16:19:09
"Flow",2024-03-15 20:49:42,2024-03-15 21:14:42
"Flow",2024-03-05 13:25:37,2024-03-05 13:50:36
"Flow",2024-02-28 18:30:24,2024-02-28 18:57:48
"Flow",2024-02-28 16:36:20,2024-02-28 17:01:20
"Flow",2024-02-28 16:11:18,2024-02-28 16:36:18
"Flow",2024-02-28 15:40:02,2024-02-28 16:05:02
"Flow",2024-02-28 15:07:20,2024-02-28 15:35:19
"Flow",2024-02-28 14:42:09,2024-02-28 15:07:09
"Flow",2024-02-28 14:17:06,2024-02-28 14:42:06
"Flow",2024-02-28 12:47:31,2024-02-28 13:21:08
"Flow",2024-02-28 12:22:01,2024-02-28 12:47:29
"Flow",2024-02-27 18:53:12,2024-02-27 19:18:12
"Flow",2024-02-27 18:28:12,2024-02-27 18:53:11
"Flow",2024-02-27 18:03:11,2024-02-27 18:28:10
"Flow",2024-02-27 17:37:44,2024-02-27 18:02:44
"Flow",2024-02-27 17:12:44,2024-02-27 17:37:43
"Flow",2024-02-27 16:47:37,2024-02-27 17:12:37
"Flow",2024-02-27 15:00:51,2024-02-27 15:25:51
"Flow",2024-02-26 12:21:16,2024-02-26 12:46:15
"Flow",2024-02-23 14:05:26,2024-02-23 14:38:31
"Flow",2024-02-23 13:18:06,2024-02-23 14:05:21
"Flow",2024-02-23 12:52:55,2024-02-23 13:17:55
"Flow",2024-02-23 12:27:46,2024-02-23 12:52:51
"Flow",2024-02-22 18:10:49,2024-02-23 12:16:56
"Flow",2024-02-22 17:45:33,2024-02-22 18:10:33
"Flow",2024-02-22 15:31:15,2024-02-22 17:45:32
"Flow",2024-02-22 15:06:09,2024-02-22 15:31:09
"Flow",2024-02-22 13:12:57,2024-02-22 13:37:57
"Flow",2024-02-22 12:47:39,2024-02-22 13:12:39
"Flow",2024-02-22 12:22:35,2024-02-22 12:47:34
"Flow",2024-02-21 16:56:35,2024-02-21 17:22:45
"Flow",2024-02-21 16:31:33,2024-02-21 16:56:33
"Flow",2024-02-21 15:52:55,2024-02-21 16:17:55
"Flow",2024-02-21 15:27:54,2024-02-21 15:52:53
"Flow",2024-02-21 12:39:01,2024-02-21 14:08:10
"Flow",2024-02-21 12:11:37,2024-02-21 12:36:36
"Flow",2024-02-21 11:46:35,2024-02-21 12:11:35
"Flow",2024-02-20 12:01:50,2024-02-20 12:26:49
"Flow",2024-02-16 18:21:00,2024-02-16 18:46:00
"Flow",2024-02-16 17:55:59,2024-02-16 18:20:59
"Flow",2024-02-16 13:34:14,2024-02-16 13:59:14
"Flow",2024-02-12 18:59:11,2024-02-12 19:24:10
"Flow",2024-02-12 18:02:09,2024-02-12 18:27:08
"Flow",2024-02-12 17:37:08,2024-02-12 18:02:07
"Flow",2024-02-12 16:08:22,2024-02-12 17:37:07
"Flow",2024-02-12 15:16:27,2024-02-12 16:08:21
"Flow",2024-02-07 15:32:07,2024-02-07 15:57:06
"Flow",2024-02-07 13:31:13,2024-02-07 15:32:05
"Flow",2024-02-07 13:06:12,2024-02-07 13:31:11
"Flow",2024-02-07 12:41:11,2024-02-07 13:06:10
"Flow",2024-02-05 18:18:28,2024-02-05 18:43:27
"Flow",2024-02-05 17:53:27,2024-02-05 18:18:26
"Flow",2024-02-05 15:09:55,2024-02-05 17:53:25
"Flow",2024-02-05 14:44:53,2024-02-05 15:09:53
"Flow",2024-01-31 19:10:33,2024-01-31 19:35:43
"Flow",2024-01-31 18:33:40,2024-01-31 18:58:39
"Flow",2024-01-31 16:23:41,2024-01-31 18:33:37
"Flow",2024-01-31 15:43:17,2024-01-31 16:20:28
"Flow",2024-01-31 13:34:50,2024-01-31 13:59:49
"Flow",2024-01-31 12:56:11,2024-01-31 13:21:10
"Flow",2024-01-30 10:46:34,2024-01-30 11:11:34
"Flow",2024-01-29 13:31:19,2024-01-29 15:06:16
"Flow",2024-01-29 13:06:17,2024-01-29 13:31:17
"Flow",2024-01-27 03:13:23,2024-01-27 03:38:23
"Flow",2024-01-27 02:48:20,2024-01-27 03:13:20
"Flow",2024-01-26 21:38:04,2024-01-27 02:48:19
"Flow",2024-01-26 21:10:46,2024-01-26 21:38:01
"Flow",2024-01-26 13:44:21,2024-01-26 15:48:11
"Flow",2024-01-26 13:19:20,2024-01-26 13:44:19
"Flow",2024-01-26 12:54:19,2024-01-26 13:19:18
"Flow",2024-01-26 11:38:21,2024-01-26 12:04:22
"Flow",2024-01-26 11:13:19,2024-01-26 11:38:18
"Flow",2024-01-26 00:07:21,2024-01-26 00:32:21
"Flow",2024-01-25 23:41:40,2024-01-26 00:06:40
"Flow",2024-01-25 21:29:06,2024-01-25 21:54:06
"Flow",2024-01-25 21:04:06,2024-01-25 21:29:05
"Flow",2024-01-25 20:39:04,2024-01-25 21:04:04
"Flow",2024-01-25 11:43:43,2024-01-25 12:45:34
"Flow",2024-01-25 11:18:42,2024-01-25 11:43:42
"Flow",2024-01-25 10:53:42,2024-01-25 11:18:41
"Flow",2024-01-24 19:53:51,2024-01-25 10:53:40
"Flow",2024-01-24 19:28:49,2024-01-24 19:53:49
"Flow",2024-01-24 18:01:00,2024-01-24 19:28:47
"Flow",2024-01-24 17:35:59,2024-01-24 18:00:58
"Flow",2024-01-24 16:16:12,2024-01-24 17:35:58
"Flow",2024-01-24 15:51:09,2024-01-24 16:16:09
"Flow",2024-01-24 15:26:08,2024-01-24 15:51:07
"Flow",2024-01-24 14:28:09,2024-01-24 15:26:06
"Flow",2024-01-24 14:03:08,2024-01-24 14:28:07
"Flow",2024-01-24 13:38:00,2024-01-24 14:03:00
"Flow",2024-01-23 23:10:17,2024-01-23 23:35:17
"Flow",2024-01-23 22:45:16,2024-01-23 23:10:16
"Flow",2024-01-23 18:03:39,2024-01-23 18:28:39
"Flow",2024-01-23 17:30:53,2024-01-23 17:55:52
"Flow",2024-01-23 16:18:21,2024-01-23 17:30:51
"Flow",2024-01-23 15:53:20,2024-01-23 16:18:19
"Flow",2024-01-23 13:09:58,2024-01-23 15:45:21
"Flow",2024-01-23 12:44:57,2024-01-23 13:09:56
"Flow",2024-01-23 12:19:55,2024-01-23 12:44:55
"Flow",2024-01-22 18:44:07,2024-01-22 19:09:06
"Flow",2024-01-22 14:36:33,2024-01-22 15:01:33
"Flow",2024-01-18 16:11:59,2024-01-18 16:36:59
"Flow",2024-01-18 15:46:58,2024-01-18 16:11:58
"Flow",2024-01-18 13:34:34,2024-01-18 14:21:32
"Flow",2024-01-18 13:01:14,2024-01-18 13:34:32
"Flow",2024-01-18 11:52:12,2024-01-18 13:01:13
"Flow",2024-01-18 11:27:11,2024-01-18 11:52:11
"Flow",2024-01-17 15:32:21,2024-01-17 22:17:06
"Flow",2024-01-17 15:07:19,2024-01-17 15:32:19
"Flow",2024-01-17 14:42:19,2024-01-17 15:07:18
"Flow",2024-01-17 14:04:03,2024-01-17 14:42:04
"Flow",2024-01-17 13:39:02,2024-01-17 14:04:02
"Flow",2024-01-17 01:38:22,2024-01-17 13:39:01
"Flow",2024-01-17 01:13:21,2024-01-17 01:38:21
"Flow",2024-01-17 00:48:20,2024-01-17 01:13:20
"Flow",2024-01-16 22:04:57,2024-01-17 00:48:19
"Flow",2024-01-16 21:39:55,2024-01-16 22:04:55
"Flow",2024-01-16 21:14:51,2024-01-16 21:39:50
"Flow",2024-01-16 20:49:50,2024-01-16 21:14:49
"Flow",2024-01-16 20:24:48,2024-01-16 20:49:48
"Flow",2024-01-16 19:43:13,2024-01-16 20:24:47
"Flow",2024-01-16 19:18:12,2024-01-16 19:43:12
"Flow",2024-01-16 18:40:38,2024-01-16 19:05:37
"Flow",2024-01-16 15:04:58,2024-01-16 18:40:36
"Flow",2024-01-16 14:07:17,2024-01-16 14:32:16
"Flow",2024-01-16 13:42:15,2024-01-16 14:07:15
"Flow",2024-01-16 13:17:14,2024-01-16 13:42:14
"Flow",2024-01-16 12:52:13,2024-01-16 13:17:13
"Flow",2024-01-16 12:13:54,2024-01-16 12:52:12
"Flow",2024-01-16 11:48:53,2024-01-16 12:13:53
"Flow",2024-01-16 11:23:52,2024-01-16 11:48:51
"Flow",2024-01-16 03:24:52,2024-01-16 04:06:42
"Flow",2024-01-16 02:59:50,2024-01-16 03:24:50
"Flow",2024-01-16 02:34:49,2024-01-16 02:59:48
"Flow",2024-01-16 02:09:48,2024-01-16 02:34:47
"Flow",2024-01-16 01:44:47,2024-01-16 02:09:46
"Flow",2024-01-16 01:19:45,2024-01-16 01:44:44
"Flow",2024-01-16 00:52:02,2024-01-16 01:17:01
"Flow",2024-01-16 00:27:00,2024-01-16 00:52:00
"Flow",2024-01-15 23:55:23,2024-01-16 00:20:23
"Flow",2024-01-15 22:21:35,2024-01-15 23:55:21
"Flow",2024-01-15 21:39:21,2024-01-15 22:21:30
"Flow",2024-01-15 21:14:20,2024-01-15 21:39:19
"Flow",2024-01-15 20:30:26,2024-01-15 21:14:18
"Flow",2024-01-15 20:05:24,2024-01-15 20:30:24
"Flow",2024-01-15 19:40:23,2024-01-15 20:05:23
"Flow",2024-01-15 19:15:23,2024-01-15 19:40:22
"Flow",2024-01-15 18:50:22,2024-01-15 19:15:21
"Flow",2024-01-15 18:25:19,2024-01-15 18:50:19
"Flow",2024-01-15 17:49:54,2024-01-15 18:14:53
"Flow",2024-01-15 17:24:53,2024-01-15 17:49:52
"Flow",2024-01-15 16:59:50,2024-01-15 17:24:49
"Flow",2024-01-15 15:28:01,2024-01-15 15:53:01
"Flow",2024-01-13 16:39:54,2024-01-13 17:04:53
"Flow",2024-01-13 16:14:53,2024-01-13 16:39:52
"Flow",2024-01-13 15:49:52,2024-01-13 16:14:51
"Flow",2024-01-12 15:35:36,2024-01-12 16:00:35
"Flow",2024-01-12 13:58:14,2024-01-12 14:23:14
"Flow",2023-12-08 15:46:59,2023-12-08 16:11:58
"Flow",2023-12-08 15:21:57,2023-12-08 15:46:56
"Flow",2023-12-08 14:56:56,2023-12-08 15:21:55
"Flow",2023-12-06 23:12:28,2023-12-06 23:37:27
"Flow",2023-12-06 22:47:19,2023-12-06 23:12:18
"Flow",2023-12-06 22:22:18,2023-12-06 22:47:17
"Flow",2023-09-13 14:21:07,2023-09-13 14:46:07
"Flow",2023-09-13 13:56:06,2023-09-13 14:21:06
"Flow",2023-09-13 13:31:05,2023-09-13 13:56:04
"Flow",2023-09-13 13:06:04,2023-09-13 13:31:03
"Flow",2023-09-13 12:41:02,2023-09-13 13:06:02
"Flow",2023-08-21 15:33:30,2023-08-21 18:01:53
"Flow",2023-08-21 14:48:06,2023-08-21 15:33:28
"Flow",2023-08-21 13:11:54,2023-08-21 14:37:41
"Flow",2023-08-21 12:28:49,2023-08-21 13:11:48
"Flow",2023-08-21 12:03:47,2023-08-21 12:28:46
"Flow",2023-08-21 11:14:43,2023-08-21 12:03:45
"Flow",2023-08-17 14:05:21,2023-08-17 14:30:23
"Flow",2023-08-17 13:40:16,2023-08-17 14:05:15
"Flow",2023-08-17 11:56:23,2023-08-17 13:00:19
"Flow",2023-08-17 11:31:21,2023-08-17 11:56:21
"Flow",2023-08-11 15:24:09,2023-08-11 15:49:09
"Flow",2023-08-11 14:59:07,2023-08-11 15:24:07
"Flow",2023-08-11 14:34:06,2023-08-11 14:59:06
"Flow",2023-08-11 14:09:05,2023-08-11 14:34:05
"Flow",2023-08-11 13:44:01,2023-08-11 14:09:01
"Flow",2023-08-11 13:18:02,2023-08-11 13:43:02
"Flow",2023-08-11 11:32:31,2023-08-11 12:23:42
"Flow",2023-08-11 11:02:30,2023-08-11 11:27:29
"Flow",2023-08-10 16:14:40,2023-08-10 16:39:39
"Flow",2023-08-10 15:48:54,2023-08-10 16:13:53
"Flow",2023-08-10 15:23:53,2023-08-10 15:48:52
"Flow",2023-08-10 13:56:10,2023-08-10 14:21:10
"Flow",2023-08-10 11:41:24,2023-08-10 12:06:23
"Flow",2023-07-21 13:31:30,2023-07-21 13:56:29
"Flow",2023-07-21 13:06:29,2023-07-21 13:31:28
"Flow",2023-07-21 11:58:54,2023-07-21 12:23:53
"Flow",2023-07-21 11:33:53,2023-07-21 11:58:52
"Flow",2023-07-20 13:23:48,2023-07-20 13:48:48
"Flow",2023-07-20 12:58:46,2023-07-20 13:23:46
"Flow",2023-07-20 12:33:45,2023-07-20 12:58:45
"Flow",2023-07-20 12:08:44,2023-07-20 12:33:44
"Flow",2023-07-19 16:35:13,2023-07-19 17:00:13
"Flow",2023-07-19 16:10:12,2023-07-19 16:35:12
"Flow",2023-07-19 15:45:11,2023-07-19 16:10:11
"Flow",2023-07-19 15:20:10,2023-07-19 15:45:09
"Flow",2023-07-19 14:55:08,2023-07-19 15:20:08
"Flow",2023-07-19 14:30:06,2023-07-19 14:55:06
"Flow",2023-07-19 14:05:04,2023-07-19 14:30:04
"Flow",2023-07-19 13:40:02,2023-07-19 14:05:02
"Flow",2023-07-18 12:05:51,2023-07-18 12:30:50
"Flow",2023-07-18 11:40:50,2023-07-18 12:05:49
"Flow",2023-07-17 13:36:06,2023-07-18 11:40:47
"Flow",2023-07-17 13:11:03,2023-07-17 13:36:03
"Flow",2023-07-17 12:14:35,2023-07-17 12:39:34
"Flow",2023-07-14 14:43:17,2023-07-14 15:08:21
"Flow",2023-07-14 11:52:03,2023-07-14 12:19:12
"Flow",2023-07-14 11:27:02,2023-07-14 11:52:01
"Flow",2023-07-14 11:02:01,2023-07-14 11:27:00
"Flow",2023-07-14 10:17:57,2023-07-14 10:42:56
"Flow",2023-07-06 16:03:16,2023-07-06 16:28:16
"Flow",2023-06-29 13:13:14,2023-06-29 13:38:13
"Flow",2023-06-28 12:26:39,2023-06-28 12:51:39