<application>
  <component name="CodeInsightSettings">
    <EXCLUDED_PACKAGE NAME="autovalue.shaded" />
    <EXCLUDED_PACKAGE NAME="avro.shaded" />
    <EXCLUDED_PACKAGE NAME="com.beust.jcommander.internal" />
    <EXCLUDED_PACKAGE NAME="com.google.inject.Inject" />
    <EXCLUDED_PACKAGE NAME="com.sun.istack" />
    <EXCLUDED_PACKAGE NAME="com.sun.jersey.spi.inject.Inject" />
    <EXCLUDED_PACKAGE NAME="jline.internal" />
    <EXCLUDED_PACKAGE NAME="joptsimple.internal" />
    <EXCLUDED_PACKAGE NAME="junit.framework.Assert" />
    <EXCLUDED_PACKAGE NAME="org.assertj.core.util" />
    <EXCLUDED_PACKAGE NAME="org.flywaydb.core.internal.util" />
    <EXCLUDED_PACKAGE NAME="org.hibernate.validator.internal" />
    <EXCLUDED_PACKAGE NAME="org.mockito.internal.util.collections" />
    <EXCLUDED_PACKAGE NAME="org.mockito.internal.verification.VerificationModeFactory" />
  </component>
  <component name="DefaultFont">
    <option name="FONT_SIZE" value="12" />
  </component>
  <component name="EditorSettings">
    <option name="USE_SOFT_WRAPS" value="MAIN_EDITOR:CONSOLE" />
    <option name="SOFT_WRAP_FILE_MASKS" value="*.md; *.txt; *.rst; *.adoc; *.kt; *.java" />
    <option name="IS_WHEEL_FONTCHANGE_ENABLED" value="true" />
  </component>
  <component name="TodoConfiguration">
    <pattern pattern="\b(todo|fixme|note)\b.*" />
  </component>
</application>