<application>
  <component name="FindSettings">
    <option name="customScope" value="All Places" />
    <option name="defaultScopeName" value="All Places" />
    <option name="SEARCH_SCOPE" value="All Places" />
    <mask>*.css</mask>
    <mask>*.html</mask>
    <mask>*.xml</mask>
    <mask>*.jsp</mask>
    <mask>*.properties</mask>
    <mask>*.java</mask>
    <mask>*.test.tsx</mask>
    <mask>*.yml</mask>
    <mask>*.json</mask>
    <mask>*.sql</mask>
    <mask>*.yaml</mask>
    <mask>*.kt</mask>
    <mask>*.kts</mask>
    <mask>*.proto</mask>
  </component>
</application>