<application>
  <component name="MaterialThemeNewConfig">
    <option name="accentState">
      <MTAccentConfigState>
        <option name="accentColorHex" value="009688" />
      </MTAccentConfigState>
    </option>
    <option name="metadata">
      <MTMetadataState>
        <option name="pristineConfig" value="false" />
        <option name="userId" value="10b34d1d:18f5e7bf3f9:-8000" />
        <option name="version" value="9.3.1" />
        <option name="wizardShown" value="true" />
      </MTMetadataState>
    </option>
    <option name="tabsState">
      <MTTabsConfigState>
        <option name="tabsHeight" value="28" />
      </MTTabsConfigState>
    </option>
  </component>
</application>